Card,Account,Type
1032 4690 3533 3441,230010401,JCB
9914 5363 5530 3327,230010402,VISA
4383 5547 4811 5571,230010403,MASTERCARD
9025 6403 4069 7461,230010404,VISA
2773 6296 9054 3972,230010405,MAESTRO
2273 1242 4237 6440,230010406,DINERS
9327 0647 7745 1925,230010407,VISA
2621 2023 3556 1490,230010408,AMEX
3764 3275 8131 6817,230010409,MASTERCARD
8792 7702 2749 4851,230010410,AMEX
4427 8584 9466 0860,230010411,DINERS
7198 9860 8692 9738,230010412,MASTERCARD
3627 8793 7708 8660,230010413,JCB
1935 2518 6283 1253,230010414,AMEX
1833 2460 5980 6250,230010415,AMEX
6785 1046 9203 8152,230010416,DINERS
9938 7289 7025 3662,230010417,JCB
1025 0246 1396 8729,230010418,AMEX
6831 3553 3926 1207,230010419,VISA
3122 0512 5192 5068,230010420,JCB
0457 5488 1714 5747,230010421,AMEX
1635 3997 3884 9849,230010422,MASTERCARD
1544 4261 1181 6222,230010423,VISA
0120 5646 2051 1284,230010424,VISA
7507 9189 7988 0447,230010425,VISA
6886 6336 7260 7096,230010426,VISA
5650 0438 4367 7738,230010427,DINERS
0022 4897 3342 4541,230010428,VISA
0515 1230 6861 8238,230010429,MASTERCARD
0786 0948 4476 3157,230010430,MAESTRO
9881 6185 0538 3005,230010431,DINERS
1495 7835 6533 4305,230010432,JCB
4818 1387 2473 1900,230010433,MASTERCARD
5141 9631 0019 5198,230010434,AMEX
8860 8222 7994 7686,230010435,MAESTRO
5426 0749 8094 0903,230010436,VISA
6913 3863 3339 8087,230010437,AMEX
4035 9914 0664 5006,230010438,DINERS
7360 4663 5543 5946,230010439,DINERS
9471 2175 9379 4892,230010440,MASTERCARD
8264 9290 0788 1187,230010441,MASTERCARD
6630 2194 3374 7275,230010442,AMEX
6609 0052 8399 4444,230010443,VISA
1166 3217 2598 2452,230010444,VISA
3321 9253 9910 4241,230010445,MASTERCARD
9144 6592 3970 3513,230010446,JCB
6876 0526 4189 2554,230010447,MASTERCARD
6569 9068 7923 0809,230010448,MAESTRO
0662 8832 5260 8434,230010449,DINERS
6236 6407 2312 0504,230010450,VISA
8086 4270 5599 2736,230010451,DINERS
2614 8761 5225 5931,230010452,MAESTRO
4366 5714 9318 5309,230010453,DINERS
8653 0186 6597 9733,230010454,DINERS
9173 5715 8313 3049,230010455,AMEX
6829 1413 1363 1865,230010456,DINERS
4255 0848 7658 7353,230010457,AMEX
6873 5856 6322 4717,230010458,MAESTRO
6495 4366 6093 2428,230010459,MAESTRO
3434 4485 9121 2183,230010460,DINERS
2043 9998 9256 5286,230010461,AMEX
1189 0576 3843 0744,230010462,MAESTRO
3804 6971 5854 2293,230010463,JCB
2216 6609 1421 5281,230010464,JCB
0508 1855 0001 9603,230010465,DINERS
3484 4302 2787 4383,230010466,MASTERCARD
7140 2156 6875 4739,230010467,DINERS
7585 4390 1425 5188,230010468,VISA
6074 8081 9533 1871,230010469,MASTERCARD
5632 1849 3779 0392,230010470,DINERS
2012 9500 7901 3978,230010471,MAESTRO
5307 6923 2760 0630,230010472,DINERS
6291 6618 3792 4101,230010473,VISA
6674 8320 5707 5838,230010474,VISA
1690 9605 8787 5423,230010475,MAESTRO
6840 8509 7247 0144,230010476,DINERS
1996 1496 7558 9344,230010477,AMEX
4599 1289 3488 9853,230010478,AMEX
7733 1645 9096 2526,230010479,MAESTRO
2616 5064 3852 9808,230010480,AMEX
1423 8050 3052 4293,230010481,MASTERCARD
2152 6924 6237 1307,230010482,AMEX
4699 0581 3465 9279,230010483,JCB
1617 4728 7851 7499,230010484,MAESTRO
7038 0455 9041 7332,230010485,AMEX
2155 5905 3775 2986,230010486,DINERS
3708 2356 2752 0133,230010487,DINERS
0808 1599 3512 1274,230010488,MASTERCARD
7165 2747 3649 6459,230010489,MASTERCARD
9156 9503 5805 7283,230010490,JCB
4141 0414 6355 4063,230010491,MAESTRO
1753 2941 5547 4854,230010492,VISA
4931 0151 8388 9230,230010493,AMEX
7028 7304 6633 3546,230010494,DINERS
7844 9254 7883 9339,230010495,MAESTRO
2537 6809 3216 8793,230010496,DINERS
2534 6727 3419 8581,230010497,VISA
1749 8004 2044 8974,230010498,DINERS
2500 7695 5456 9953,230010499,VISA
7566 3092 4635 4039,230010500,JCB
3358 3943 4430 3745,230010501,MAESTRO
4847 6097 6409 3501,230010502,MASTERCARD
3334 9979 3897 4874,230010503,AMEX
7016 5735 0177 3653,230010504,AMEX
6487 1991 1309 0083,230010505,VISA
7199 4201 2315 4703,230010506,DINERS
6229 8466 9086 8865,230010507,MAESTRO
2529 4673 1804 6251,230010508,VISA
6453 1462 6428 2487,230010509,MAESTRO
6301 1617 5446 2642,230010510,MASTERCARD
7359 9645 7945 2698,230010511,MASTERCARD
7266 5557 4264 4150,230010512,JCB
3216 3602 5011 2392,230010513,DINERS
5374 4546 1234 9195,230010514,DINERS
5002 2240 8939 6952,230010515,MASTERCARD
5370 9873 1624 4879,230010516,MASTERCARD
6207 1578 3325 4562,230010517,VISA
4859 4285 8952 5504,230010518,JCB
0399 3421 0094 3474,230010519,DINERS
9767 2604 7712 1452,230010520,VISA
3516 5430 5387 1422,230010521,VISA
4106 6547 6167 9751,230010522,MAESTRO
6003 0173 7955 9812,230010523,VISA
3929 6174 7703 9678,230010524,AMEX
9407 2409 4429 7324,230010525,MAESTRO
9228 3993 4448 6280,230010526,AMEX
4980 7938 9061 7535,230010527,VISA
9991 1933 7262 1242,230010528,DINERS
4478 0925 8071 6392,230010529,MASTERCARD
8075 6615 5586 5849,230010530,DINERS
8780 5539 4965 4759,230010531,MAESTRO
3404 9192 0980 1079,230010532,MASTERCARD
5858 6304 1538 4482,230010533,VISA
7147 6709 6593 4148,230010534,JCB
0734 6342 8223 1930,230010535,DINERS
0037 2061 8254 2697,230010536,MAESTRO
8755 8141 1651 0721,230010537,AMEX
9902 1362 2032 3070,230010538,JCB
0175 6758 8793 2276,230010539,VISA
2136 0661 9594 4383,230010540,DINERS
1644 4335 2509 3617,230010541,DINERS
4111 0970 1029 1879,230010542,DINERS
1528 4463 2337 2641,230010543,MASTERCARD
2193 3732 1077 9190,230010544,AMEX
1845 9157 6736 7770,230010545,DINERS
8410 6253 9197 8257,230010546,MAESTRO
5316 0775 5783 8608,230010547,MAESTRO
2012 4093 7938 8987,230010548,VISA
5659 6322 8670 3627,230010549,MASTERCARD
1619 0369 9562 8414,230010550,MASTERCARD
3998 6675 5661 1349,230010551,JCB
6106 7164 3340 4697,230010552,VISA
3512 6083 3471 3594,230010553,JCB
4312 2539 2852 7920,230010554,MASTERCARD
8546 4286 4594 0646,230010555,MASTERCARD
2539 5485 0999 2412,230010556,AMEX
2285 7006 2871 5437,230010557,VISA
7762 0779 9659 6899,230010558,MASTERCARD
6059 2625 2331 1309,230010559,DINERS
8607 0441 3720 2219,230010560,VISA
1198 6228 2287 5651,230010561,MASTERCARD
8503 5630 8639 3612,230010562,DINERS
1006 3117 3069 9322,230010563,MASTERCARD
8953 8669 4811 8531,230010564,VISA
3009 7037 8436 1102,230010565,MAESTRO
8888 4883 3800 8882,230010566,MASTERCARD
7750 4090 7074 1583,230010567,DINERS
6406 2392 5307 4563,230010568,VISA
1967 2046 1894 3385,230010569,VISA
2760 9395 1548 4720,230010570,AMEX
0460 6631 3166 1820,230010571,AMEX
3555 4065 3218 6120,230010572,DINERS
1641 4228 5574 0159,230010573,MASTERCARD
7443 2574 8670 0298,230010574,DINERS
4655 7977 5710 8670,230010575,AMEX
8213 3129 4569 5894,230010576,MAESTRO
3365 0341 2201 1255,230010577,MASTERCARD
8761 1335 5033 8862,230010578,MAESTRO
9022 0180 7396 6565,230010579,DINERS
5452 5155 9004 8105,230010580,DINERS
5838 5627 1209 9908,230010581,DINERS
4810 7471 6306 0047,230010582,AMEX
0053 3488 8708 8809,230010583,MAESTRO
1324 2546 6590 2183,230010584,DINERS
7232 0166 6685 8516,230010585,MAESTRO
0972 4065 6977 8335,230010586,AMEX
9358 4033 9072 1212,230010587,MAESTRO
9918 8543 8290 8137,230010588,DINERS
3180 4636 7511 4751,230010589,DINERS
7597 0738 9158 3718,230010590,AMEX
8730 6544 4974 7203,230010591,VISA
0289 5717 6389 9658,230010592,MAESTRO
0379 5432 4244 6246,230010593,VISA
6987 3398 3264 4037,230010594,AMEX
9636 1321 2457 8572,230010595,JCB
9170 4763 0505 4103,230010596,VISA
8196 4107 3824 5097,230010597,AMEX
8572 8865 7502 4668,230010598,JCB
9876 8336 2530 6020,230010599,JCB
9819 3373 0995 0115,230010600,MAESTRO
2333 6283 3919 2289,230010601,JCB
3518 3176 9847 6010,230010602,AMEX
5085 0767 4713 5575,230010603,AMEX
8183 2039 0481 7313,230010604,MAESTRO
1021 0131 2397 8612,230010605,DINERS
2507 1238 5201 4853,230010606,DINERS
0129 8129 9238 3673,230010607,MASTERCARD
4702 0814 8263 1995,230010608,JCB
1142 6560 6510 2965,230010609,DINERS
3876 9380 7098 0313,230010610,DINERS
5060 9686 8310 2978,230010611,MASTERCARD
1519 8608 1728 2840,230010612,VISA
3863 9868 8516 3998,230010613,AMEX
0276 7520 1736 3061,230010614,DINERS
9914 9800 0092 8467,230010615,MASTERCARD
4529 0163 3765 2576,230010616,MASTERCARD
2258 3151 7893 2116,230010617,DINERS
0335 7587 3755 8052,230010618,DINERS
8782 7647 6687 2610,230010619,AMEX
7662 8091 3825 1220,230010620,MAESTRO
7318 1898 3350 4151,230010621,VISA
1070 4227 1816 5853,230010622,DINERS
8661 9246 5088 0470,230010623,JCB
0976 7282 8739 4889,230010624,MASTERCARD
5532 4603 5997 7071,230010625,MAESTRO
1730 3942 2970 6299,230010626,MASTERCARD
1483 9969 4735 7143,230010627,MAESTRO
8569 4786 1278 0810,230010628,AMEX
1455 1312 1875 7244,230010629,MASTERCARD
6620 5241 2009 1310,230010630,MASTERCARD
3809 9534 6515 2758,230010631,MAESTRO
8482 4325 5005 3028,230010632,JCB
4701 9211 8762 1477,230010633,VISA
2794 2492 0520 7501,230010634,DINERS
5701 3609 8087 6394,230010635,JCB
6921 7621 4279 7987,230010636,AMEX
9681 2792 0029 7619,230010637,AMEX
1042 2759 7940 3515,230010638,DINERS
3617 0050 1239 6316,230010639,JCB
2322 0403 6344 7965,230010640,AMEX
8737 6704 2368 8551,230010641,AMEX
0504 4850 3642 0414,230010642,JCB
7272 6813 0493 7328,230010643,AMEX
1954 2719 7971 4126,230010644,JCB
0065 3348 9944 6644,230010645,JCB
3478 8284 9547 2658,230010646,AMEX
8126 2174 6539 2457,230010647,MAESTRO
6152 0484 8793 0871,230010648,AMEX
0541 7320 4628 3985,230010649,AMEX
0855 5427 5161 3131,230010650,MAESTRO
3794 5647 4475 6792,230010651,JCB
5040 9315 2677 3678,230010652,DINERS
5266 5099 1043 2323,230010653,MASTERCARD
0221 3181 5482 9538,230010654,JCB
4680 6877 6726 0754,230010655,VISA
6230 6248 6664 5057,230010656,VISA
2001 1035 5196 3384,230010657,AMEX
9855 4705 3311 7855,230010658,MAESTRO
1847 5028 3446 7308,230010659,MAESTRO
9838 2063 2870 1286,230010660,DINERS
1774 6366 3326 9125,230010661,JCB
7280 6801 2148 9140,230010662,MAESTRO
9359 2651 3271 2299,230010663,MASTERCARD
0697 1121 7070 5840,230010664,MAESTRO
7779 0899 8826 6306,230010665,AMEX
6889 4882 8401 2945,230010666,AMEX
0584 2829 9088 0639,230010667,JCB
8922 2540 0979 3771,230010668,MASTERCARD
6511 8118 3843 1734,230010669,MAESTRO
4815 9314 7423 1098,230010670,AMEX
5716 9038 9876 3044,230010671,DINERS
7028 4934 8129 0725,230010672,MASTERCARD
6915 1229 6512 4334,230010673,DINERS
1947 0004 1811 4750,230010674,JCB
5553 1525 5497 7925,230010675,JCB
1916 7197 7156 8395,230010676,VISA
7523 6432 9430 9397,230010677,AMEX
5087 4094 5325 3161,230010678,JCB
8735 5793 0805 8668,230010679,VISA
4031 1990 5212 1245,230010680,VISA
6569 4489 6931 3435,230010681,MASTERCARD
3932 8263 8421 1215,230010682,MASTERCARD
3293 0109 0026 0182,230010683,VISA
9542 2405 8355 1474,230010684,AMEX
1518 2816 2708 0172,230010685,JCB
3060 0311 1533 8054,230010686,DINERS
7145 4918 8052 1984,230010687,MAESTRO
0310 8094 4630 8471,230010688,MASTERCARD
2648 1177 2646 3835,230010689,AMEX
1558 9240 4042 7798,230010690,JCB
0205 9831 1419 8874,230010691,MAESTRO
9536 2319 9127 2046,230010692,MAESTRO
0964 5265 4048 2118,230010693,DINERS
9278 8000 9141 5450,230010694,JCB
9951 8962 2218 7522,230010695,MAESTRO
0760 6547 3793 7405,230010696,VISA
9324 0797 5655 1473,230010697,MASTERCARD
1356 6358 7583 9331,230010698,JCB
5714 1706 3220 8112,230010699,MASTERCARD
5871 5313 2507 7963,230010700,MASTERCARD
5340 7607 1789 1874,230010628,MAESTRO
2627 8890 7390 5721,230010447,MAESTRO
2791 4063 4966 3143,230010622,VISA
4384 2315 6925 0028,230010665,MASTERCARD
0872 3488 7872 4984,230010673,VISA
7251 8375 8516 1073,230010606,JCB
7287 3376 4211 4428,230010668,AMEX
5564 3473 2276 2311,230010564,MAESTRO
4898 5132 6144 0962,230010674,MAESTRO
1510 6278 9577 3503,230010576,MASTERCARD
8102 1963 3942 0329,230010678,VISA
1478 8319 1714 0335,230010546,AMEX
7978 0736 9932 1626,230010691,MASTERCARD
2796 5044 7602 1041,230010625,AMEX
6817 5490 7948 0354,230010494,DINERS
1363 4058 5297 4651,230010457,AMEX
5785 0835 0727 3234,230010611,MAESTRO
9919 6474 6138 5324,230010657,DINERS
1766 6663 6529 6859,230010669,VISA
7468 4241 7910 2329,230010458,MAESTRO
4491 3982 6423 5595,230010595,MASTERCARD
0101 4688 8009 7120,230010569,MAESTRO
6075 0416 3766 5620,230010609,JCB
5370 7489 6550 8243,230010619,VISA
8803 1976 0796 8832,230010617,VISA
3934 8714 2691 4254,230010593,MAESTRO
2691 7847 8900 5614,230010699,JCB
5818 9378 3051 7661,230010425,AMEX
6764 7478 4394 6942,230010696,VISA
7239 8973 3955 6189,230010413,VISA
0252 8661 7321 7072,230010458,DINERS
2009 7408 5759 9936,230010485,MAESTRO
0802 7418 8752 8817,230010599,AMEX
8624 3675 5470 9437,230010634,MAESTRO
1233 6654 9204 3618,230010660,JCB
0676 2183 7390 5509,230010561,JCB
3783 1528 8526 0274,230010472,AMEX
2004 0164 8094 4567,230010476,MASTERCARD
8508 4776 9842 2304,230010532,JCB
1728 9648 5679 3127,230010442,DINERS
7287 1646 4989 8618,230010525,DINERS
7323 5277 0747 1777,230010540,MASTERCARD
1976 6407 1956 9656,230010696,AMEX
2384 4801 7065 0785,230010663,DINERS
3652 3379 3829 1556,230010558,JCB
0916 6202 3556 1240,230010686,AMEX
4896 7341 9778 5239,230010452,JCB
4175 5248 4886 0802,230010477,MASTERCARD
3614 5774 0140 9051,230010487,VISA
3708 1731 3350 6641,230010454,JCB
2324 3624 1094 8235,230010656,JCB
5699 3296 2418 8151,230010699,AMEX
0349 6425 6129 2888,230010474,MASTERCARD
4561 7492 3998 9188,230010699,JCB
2664 5862 4395 4457,230010569,JCB
2512 0505 5951 2624,230010402,AMEX
4320 3573 6598 9124,230010487,DINERS
2035 1141 5847 2716,230010515,DINERS
6539 1356 6138 8688,230010499,JCB
5375 2396 7679 0599,230010624,DINERS
2771 5550 3841 6632,230010525,DINERS
3930 6595 2013 8863,230010456,AMEX
0926 1035 1200 1958,230010517,AMEX
7390 7001 8795 1378,230010607,AMEX
8847 9010 7308 8565,230010611,MAESTRO
1430 6470 8851 8539,230010570,DINERS
4511 1697 1521 3405,230010533,VISA
6993 4413 8012 8544,230010571,MAESTRO
2975 7948 9426 2635,230010431,AMEX
7084 2023 9371 0890,230010518,MAESTRO
3448 4071 0988 7240,230010683,VISA
7736 3576 0026 5478,230010515,JCB
8353 9611 3927 9499,230010616,AMEX
1692 9995 5934 2050,230010568,MAESTRO
5725 3966 4345 8573,230010635,AMEX
8465 3436 3860 6204,230010612,VISA
2833 8701 5946 3945,230010408,AMEX
0895 2903 5302 8816,230010486,VISA
6145 8250 7134 2624,230010502,MASTERCARD
3056 2703 5612 7428,230010471,VISA
4872 3289 7073 3591,230010632,DINERS
7344 5293 2661 5552,230010446,JCB
7157 0978 3225 4409,230010658,DINERS
8048 1661 7823 6363,230010502,MAESTRO
5741 2899 3773 9234,230010451,MAESTRO
3738 8423 7274 7267,230010603,MASTERCARD
7333 8060 8535 5794,230010660,JCB
2868 4429 9877 7507,230010408,JCB
0543 8499 4049 2860,230010663,AMEX
4206 0812 8785 7973,230010507,AMEX
0337 8387 8027 6046,230010606,VISA
2677 7757 7152 3251,230010524,VISA
8236 3985 1570 9054,230010568,VISA
2499 7371 7284 1808,230010569,MASTERCARD
6827 6147 1875 4996,230010525,AMEX
3665 6704 0880 3472,230010542,AMEX
8778 7601 0071 8898,230010450,VISA
4196 7331 3559 2827,230010527,JCB
7122 5575 0280 9831,230010685,MASTERCARD
1169 4939 9245 3412,230010557,MAESTRO
3997 5919 4005 2733,230010480,MAESTRO
5772 3305 8606 4008,230010564,JCB
6570 3181 9803 8758,230010457,DINERS
8217 7162 8387 4782,230010546,DINERS
3391 6010 7925 5926,230010691,MASTERCARD
7917 2200 4632 6363,230010577,JCB
9242 1211 1289 5237,230010481,MASTERCARD
2976 8034 1212 5576,230010412,DINERS
2720 0014 0045 8118,230010493,MASTERCARD
1453 8607 7985 4946,230010420,JCB
4118 6585 9434 0982,230010405,MAESTRO
4818 7840 3114 7726,230010636,JCB
5313 2587 7619 5074,230010532,VISA
3096 8622 4121 3192,230010499,MAESTRO
3545 0672 6793 0503,230010525,VISA
3642 0699 3664 6112,230010470,DINERS
1829 6606 6463 1696,230010524,VISA
3800 1473 3885 1345,230010647,VISA
6312 5303 4902 0573,230010603,MAESTRO
4496 3810 3086 3057,230010466,DINERS
4136 2403 8762 2322,230010444,DINERS
8161 0289 9924 2963,230010499,MAESTRO
5984 0265 6286 9837,230010592,AMEX
8520 4128 4766 4696,230010656,MAESTRO
6111 1586 3125 6628,230010674,AMEX
3643 9444 1899 8821,230010537,JCB
7163 2466 0725 1180,230010474,DINERS
9342 4493 2802 3628,230010412,MAESTRO
3659 5855 1718 0734,230010604,DINERS
6887 5015 6898 6382,230010587,AMEX
3513 1892 1463 9596,230010460,VISA
9933 7946 5836 5447,230010456,JCB
7688 2275 1032 2075,230010491,MAESTRO
2073 8721 7237 5052,230010646,JCB
8145 9082 0961 6938,230010606,JCB
3549 0627 6951 7405,230010469,AMEX
4162 1399 9805 3922,230010682,MASTERCARD
1554 1408 9341 6083,230010587,MASTERCARD
2282 2571 1370 7288,230010525,MASTERCARD
2970 9473 1057 3332,230010636,VISA
6658 1839 7601 5390,230010524,DINERS
7809 5899 5112 5756,230010437,DINERS
4211 9681 6909 9704,230010584,AMEX
6345 9735 2149 6914,230010443,AMEX
4500 8221 9339 7276,230010642,VISA
6936 6207 0131 7383,230010583,VISA
6321 0777 5504 5133,230010566,MAESTRO
3707 8638 4635 7634,230010595,DINERS
7802 2514 6157 6025,230010627,MAESTRO
0889 5771 1008 6893,230010670,DINERS
0568 8274 0539 4164,230010494,AMEX
4660 5102 6166 3219,230010628,MASTERCARD
6475 5823 9246 9327,230010584,MASTERCARD
4679 3897 3624 0678,230010481,MASTERCARD
7268 1265 9357 3178,230010636,JCB
8127 8860 0196 5396,230010431,MAESTRO
7091 0130 5746 5554,230010532,VISA
7793 4161 8345 0045,230010700,DINERS
1819 5631 6801 4786,230010538,DINERS
7969 9768 9405 3257,230010591,VISA
9318 9661 5667 9369,230010599,AMEX
5436 7067 7373 8132,230010634,AMEX
1279 5219 2813 3589,230010501,MASTERCARD
8878 8506 6644 9678,230010404,DINERS
2026 6498 8547 1932,230010525,MASTERCARD
0382 2434 4631 7418,230010700,AMEX
7765 4575 5272 2464,230010422,MASTERCARD
2282 6249 7786 7891,230010442,MAESTRO
5339 4106 3439 6424,230010584,AMEX
6147 1819 2628 3560,230010538,DINERS
6968 5566 1969 2874,230010405,DINERS
5451 6972 2275 9328,230010478,AMEX
7027 5182 0357 4788,230010454,MASTERCARD
9076 8517 0337 4832,230010594,VISA
9161 1283 4288 3817,230010697,MAESTRO
1503 7324 6567 4736,230010418,MAESTRO
2912 1424 7844 6668,230010542,VISA
4529 0716 4704 4432,230010524,DINERS
7088 7870 5194 8438,230010644,JCB
7283 0954 2599 7043,230010564,MAESTRO
5034 1080 6243 4650,230010464,MAESTRO
1872 3302 3951 8625,230010522,VISA
3958 9498 0956 3404,230010519,DINERS
1543 5802 3649 3323,230010658,AMEX
2911 5692 1205 2300,230010588,MAESTRO
7058 9457 0578 9499,230010674,JCB
9108 2215 4135 5272,230010491,AMEX
7773 8472 0831 3501,230010552,MAESTRO
2001 3259 3742 4644,230010575,VISA
8402 4939 1433 6124,230010542,MASTERCARD
4928 2185 8306 4512,230010447,MAESTRO
6246 7283 9832 9212,230010444,MAESTRO
1995 4718 6982 9719,230010483,JCB
6979 4418 3574 6578,230010405,VISA
9415 8456 4313 4758,230010568,JCB
2905 9812 9725 2105,230010454,DINERS
6185 6398 3493 9765,230010524,MAESTRO
5699 8272 7679 4157,230010447,MASTERCARD
6963 3041 0017 1640,230010513,DINERS
4161 3091 0370 5307,230010678,AMEX
