,accountNumber,accountType,merchantId,merchantType,transactionId,amount,currency,isCardPresent,latitude,longitude,ipAddress,transactionTimeStamp
1,2215 3804 4290 8873,MASTERCARD,1060,szórakozás,5382368172,2393,HUF,True,47.5031823,19.0621811,,1522566342.0
659,0688 8475 4614 2975,VISA,1051,üzemanyag,5382368830,17518,HUF,True,47.50853,19.0997001,,1522566360.0
617,4142 9828 3629 9838,DINERS,1040,elektronikai,5382368788,243025,HUF,True,47.4983895,19.0913913,,1522566575.0
74,1073 3471 6130 3072,VISA,1011,étterem,5382368245,3330,HUF,True,47.4861163,19.0647328,,1522566600.0
512,2968 4233 7834 4348,MAESTRO,1070,könyv,5382368683,4887,HUF,True,47.5042391,19.0599304,,1522566619.0
593,6399 8417 3949 9268,DINERS,1001,élelmiszer,5382368764,21459,HUF,True,47.4993318,19.0237523,,1522566803.0
522,2517 8944 6912 4050,MAESTRO,1002,élelmiszer,5382368693,36893,HUF,True,47.50098,19.0593837,,1522567012.0
398,3444 1222 2342 4138,JCB,1080,utazás,5382368569,290406,HUF,True,47.499512,19.053063,,1522567069.0
860,2700 0689 7487 1833,AMEX,1022,ruházat,5382369031,11120,HUF,True,47.511583,19.035859,,1522567145.0
393,6520 7473 5626 3073,DINERS,1070,könyv,5382368564,4756,HUF,True,47.5042391,19.0599304,,1522567193.0
776,7295 3884 3256 9726,JCB,1022,ruházat,5382368947,8270,HUF,True,47.511583,19.035859,,1522567361.0
810,6532 5922 6468 7304,JCB,1071,könyv,5382368981,5885,HUF,True,47.5085084,19.0194369,,1522567440.0
840,0653 6782 8628 2100,MAESTRO,1031,egészség,5382369011,6438,HUF,True,47.4999491,19.0571779,,1522567715.0
580,2098 9490 7255 8249,AMEX,1062,szórakozás,5382368751,2205,HUF,True,47.4771073,19.0602603,,1522567907.0
184,8717 9798 1791 8695,AMEX,1031,egészség,5382368355,33191,HUF,True,47.4999491,19.0571779,,1522567930.0
706,9498 6667 6428 2903,MASTERCARD,1081,utazás,5382368877,162484,HUF,True,47.492694,19.053128,,1522567949.0
403,1489 8505 4892 1036,DINERS,1002,élelmiszer,5382368574,10401,HUF,True,47.50098,19.0593837,,1522568005.0
143,8717 9798 1791 8695,AMEX,1042,elektronikai,5382368314,93866,HUF,True,47.517732,19.141521,,1522568147.0
857,2700 0689 7487 1833,AMEX,1020,ruházat,5382369028,17446,HUF,True,7.5132144,19.0568654,,1522568216.0
554,8518 5246 1391 4191,JCB,1061,szórakozás,5382368725,2133,HUF,True,47.4936625,19.0526852,,1522568319.0
381,2087 4485 5469 0726,JCB,1001,élelmiszer,5382368552,29113,HUF,True,47.4993318,19.0237523,,1522568333.0
861,2700 0689 7487 1833,AMEX,1042,elektronikai,5382369032,188881,HUF,True,47.517732,19.141521,,1522568737.0
743,3082 8495 9579 7550,JCB,1080,utazás,5382368914,250263,HUF,True,47.499512,19.053063,,1522568879.0
95,9997 6810 8593 2141,DINERS,1060,szórakozás,5382368266,4762,HUF,True,47.5031823,19.0621811,,1522569008.0
676,6802 8337 0740 4279,MAESTRO,1080,utazás,5382368847,219467,HUF,True,47.499512,19.053063,,1522569025.0
783,3014 9197 3669 7151,AMEX,1050,üzemanyag,5382368954,11899,HUF,True,47.5135858,19.1208947,,1522569063.0
795,6236 0020 8209 1299,DINERS,1003,élelmiszer,5382368966,6865,HUF,True,47.4937711,19.0564734,,1522569086.0
591,3129 9231 5454 8555,MASTERCARD,1001,élelmiszer,5382368762,26107,HUF,True,47.4993318,19.0237523,,1522569115.0
769,2573 4643 5741 4081,MASTERCARD,1080,utazás,5382368940,253995,HUF,True,47.499512,19.053063,,1522569270.0
836,8270 8799 4662 8717,AMEX,1002,élelmiszer,5382369007,7321,HUF,True,47.50098,19.0593837,,1522569387.0
761,2678 5940 1612 6704,MASTERCARD,1020,ruházat,5382368932,9156,HUF,True,7.5132144,19.0568654,,1522569454.0
737,3264 2977 7695 0073,AMEX,1040,elektronikai,5382368908,36820,HUF,True,47.4983895,19.0913913,,1522569460.0
30,1110 4387 7346 9884,MASTERCARD,1010,étterem,5382368201,8759,HUF,True,47.5050979,19.0504007,,1522569568.0
350,1414 0385 4192 5599,DINERS,1070,könyv,5382368521,4131,HUF,True,47.5042391,19.0599304,,1522569623.0
787,3014 9197 3669 7151,AMEX,1081,utazás,5382368958,119654,HUF,True,47.492694,19.053128,,1522569669.0
610,5304 5053 2002 0549,AMEX,1030,egészség,5382368781,12957,HUF,True,47.5065185,19.1019453,,1522569834.0
20,1953 3107 8098 5087,AMEX,1032,egészség,5382368191,26013,HUF,True,47.510766,19.0513418,,1522569881.0
415,3838 2073 5821 2331,JCB,1050,üzemanyag,5382368586,9230,HUF,True,47.5135858,19.1208947,,1522570112.0
377,8846 3464 1887 1747,JCB,1003,élelmiszer,5382368548,23868,HUF,True,47.4937711,19.0564734,,1522570208.0
600,7945 1860 7019 0960,VISA,1001,élelmiszer,5382368771,36672,HUF,True,47.4993318,19.0237523,,1522570213.0
733,3264 2977 7695 0073,AMEX,1032,egészség,5382368904,35919,HUF,True,47.510766,19.0513418,,1522570334.0
519,0775 9209 2707 8724,MASTERCARD,1041,elektronikai,5382368690,41514,HUF,True,47.4955751,19.0689243,,1522570404.0
738,3264 2977 7695 0073,AMEX,1062,szórakozás,5382368909,5234,HUF,True,47.4771073,19.0602603,,1522570686.0
428,4621 5895 4445 5850,JCB,1021,ruházat,5382368599,22388,HUF,True,47.5024646,19.1347594,,1522570743.0
133,1275 8893 8058 5493,MAESTRO,1031,egészség,5382368304,13307,HUF,True,47.4999491,19.0571779,,1522570822.0
643,4525 2485 5791 3825,MASTERCARD,1052,üzemanyag,5382368814,8459,HUF,True,47.558184,19.07439,,1522570868.0
449,5030 6004 5192 8779,MAESTRO,1030,egészség,5382368620,37054,HUF,True,47.5065185,19.1019453,,1522570904.0
321,1243 8292 5526 6430,MAESTRO,1081,utazás,5382368492,119374,HUF,True,47.492694,19.053128,,1522571007.0
173,7203 5552 9806 3092,MAESTRO,1003,élelmiszer,5382368344,27583,HUF,True,47.4937711,19.0564734,,1522571197.0
87,4983 7208 8996 5730,MAESTRO,1041,elektronikai,5382368258,247145,HUF,True,47.4955751,19.0689243,,1522571605.0
877,5007 5218 8838 5817,DINERS,1051,üzemanyag,5382369048,10679,HUF,True,47.50853,19.0997001,,1522571775.0
674,6802 8337 0740 4279,MAESTRO,1042,elektronikai,5382368845,41511,HUF,True,47.517732,19.141521,,1522571878.0
424,2824 4379 7782 1538,MAESTRO,1012,étterem,5382368595,6500,HUF,True,47.5098377,19.0981019,,1522571905.0
828,4675 2196 2542 7812,JCB,1021,ruházat,5382368999,16330,HUF,True,47.5024646,19.1347594,,1522571947.0
668,0688 8475 4614 2975,VISA,1082,utazás,5382368839,232461,HUF,True,47.49721,19.0488859,,1522571966.0
538,1489 8505 4892 1036,DINERS,1060,szórakozás,5382368709,5092,HUF,True,47.5031823,19.0621811,,1522572090.0
638,4525 2485 5791 3825,MASTERCARD,1062,szórakozás,5382368809,5016,HUF,True,47.4771073,19.0602603,,1522572096.0
700,6121 9036 8549 8870,AMEX,1040,elektronikai,5382368871,173088,HUF,True,47.4983895,19.0913913,,1522572333.0
149,2198 9038 1429 1257,MAESTRO,1060,szórakozás,5382368320,2356,HUF,True,47.5031823,19.0621811,,1522572380.0
488,7842 6512 7148 8572,VISA,1041,elektronikai,5382368659,24107,HUF,True,47.4955751,19.0689243,,1522572520.0
476,4374 8718 7741 0171,MAESTRO,1051,üzemanyag,5382368647,5748,HUF,True,47.50853,19.0997001,,1522572915.0
886,7489 3298 7569 2551,VISA,1060,szórakozás,5382369057,1330,HUF,True,47.5031823,19.0621811,,1522573046.0
475,4374 8718 7741 0171,MAESTRO,1041,elektronikai,5382368646,161045,HUF,True,47.4955751,19.0689243,,1522573071.0
701,9498 6667 6428 2903,MASTERCARD,1012,étterem,5382368872,6821,HUF,True,47.5098377,19.0981019,,1522573336.0
623,4142 9828 3629 9838,DINERS,1080,utazás,5382368794,216537,HUF,True,47.499512,19.053063,,1522573444.0
45,7028 0752 2439 4781,AMEX,1051,üzemanyag,5382368216,8547,HUF,True,47.50853,19.0997001,,1522573462.0
217,9305 9601 7768 8244,DINERS,1002,élelmiszer,5382368388,2278,HUF,True,47.50098,19.0593837,,1522573480.0
246,5257 5692 5802 2898,MASTERCARD,1020,ruházat,5382368417,8112,HUF,True,7.5132144,19.0568654,,1522573572.0
372,8846 3464 1887 1747,JCB,1002,élelmiszer,5382368543,33966,HUF,True,47.50098,19.0593837,,1522573590.0
22,1777 9355 5006 9141,MAESTRO,1051,üzemanyag,5382368193,15430,HUF,True,47.50853,19.0997001,,1522573689.0
69,5492 0944 9191 4359,MASTERCARD,1010,étterem,5382368240,6505,HUF,True,47.5050979,19.0504007,,1522574004.0
876,6150 2768 6851 1895,MASTERCARD,1080,utazás,5382369047,66738,HUF,True,47.499512,19.053063,,1522574009.0
461,7165 9354 8659 8699,JCB,1071,könyv,5382368632,6874,HUF,True,47.5085084,19.0194369,,1522574107.0
500,9494 7591 0993 7957,MAESTRO,1021,ruházat,5382368671,7388,HUF,True,47.5024646,19.1347594,,1522574237.0
858,2700 0689 7487 1833,AMEX,1011,étterem,5382369029,5194,HUF,True,47.4861163,19.0647328,,1522574312.0
223,7587 1493 2726 1857,JCB,1010,étterem,5382368394,3626,HUF,True,47.5050979,19.0504007,,1522574489.0
472,4374 8718 7741 0171,MAESTRO,1050,üzemanyag,5382368643,10125,HUF,True,47.5135858,19.1208947,,1522574567.0
67,5492 0944 9191 4359,MASTERCARD,1062,szórakozás,5382368238,4631,HUF,True,47.4771073,19.0602603,,1522574569.0
752,2142 1016 3870 6371,MASTERCARD,1042,elektronikai,5382368923,189176,HUF,True,47.517732,19.141521,,1522574759.0
530,9747 9807 4197 5238,JCB,1041,elektronikai,5382368701,161635,HUF,True,47.4955751,19.0689243,,1522574818.0
767,9874 8862 7579 7955,DINERS,1051,üzemanyag,5382368938,19854,HUF,True,47.50853,19.0997001,,1522574885.0
621,4142 9828 3629 9838,DINERS,1030,egészség,5382368792,1464,HUF,True,47.5065185,19.1019453,,1522574913.0
410,2000 6888 3149 4438,MASTERCARD,1060,szórakozás,5382368581,1240,HUF,True,47.5031823,19.0621811,,1522575010.0
162,1042 6695 1408 6391,MAESTRO,1072,könyv,5382368333,5830,HUF,True,47.496119,19.066945,,1522575214.0
225,7587 1493 2726 1857,JCB,1010,étterem,5382368396,5820,HUF,True,47.5050979,19.0504007,,1522575286.0
387,1859 0437 7063 2396,JCB,1030,egészség,5382368558,27519,HUF,True,47.5065185,19.1019453,,1522575367.0
495,5342 2187 5764 8291,DINERS,1052,üzemanyag,5382368666,18277,HUF,True,47.558184,19.07439,,1522575474.0
612,5304 5053 2002 0549,AMEX,1040,elektronikai,5382368783,11876,HUF,True,47.4983895,19.0913913,,1522575638.0
113,0777 3445 6344 1477,JCB,1011,étterem,5382368284,2643,HUF,True,47.4861163,19.0647328,,1522575647.0
531,9747 9807 4197 5238,JCB,1060,szórakozás,5382368702,7813,HUF,True,47.5031823,19.0621811,,1522576040.0
716,2000 6888 3149 4438,MASTERCARD,1060,szórakozás,5382368887,2199,HUF,True,47.5031823,19.0621811,,1522576076.0
14,1953 3107 8098 5087,AMEX,1062,szórakozás,5382368185,2161,HUF,True,47.4771073,19.0602603,,1522576213.0
611,5304 5053 2002 0549,AMEX,1003,élelmiszer,5382368782,32888,HUF,True,47.4937711,19.0564734,,1522576277.0
450,5030 6004 5192 8779,MAESTRO,1050,üzemanyag,5382368621,15696,HUF,True,47.5135858,19.1208947,,1522576296.0
837,8270 8799 4662 8717,AMEX,1022,ruházat,5382369008,16294,HUF,True,47.511583,19.035859,,1522576458.0
608,5304 5053 2002 0549,AMEX,1040,elektronikai,5382368779,16276,HUF,True,47.4983895,19.0913913,,1522576934.0
466,7165 9354 8659 8699,JCB,1041,elektronikai,5382368637,37855,HUF,True,47.4955751,19.0689243,,1522576950.0
672,9831 5540 8558 8700,JCB,1001,élelmiszer,5382368843,23290,HUF,True,47.4993318,19.0237523,,1522577112.0
805,5973 6759 4486 8533,AMEX,1031,egészség,5382368976,30050,HUF,True,47.4999491,19.0571779,,1522577166.0
75,1073 3471 6130 3072,VISA,1011,étterem,5382368246,2713,HUF,True,47.4861163,19.0647328,,1522577180.0
6,2215 3804 4290 8873,MASTERCARD,1042,elektronikai,5382368177,62945,HUF,True,47.517732,19.141521,,1522577302.0
882,8645 5964 8688 2930,MAESTRO,1020,ruházat,5382369053,17421,HUF,True,7.5132144,19.0568654,,1522577343.0
741,3082 8495 9579 7550,JCB,1001,élelmiszer,5382368912,30614,HUF,True,47.4993318,19.0237523,,1522577532.0
9,7127 2780 1089 0068,MAESTRO,1082,utazás,5382368180,242228,HUF,True,47.49721,19.0488859,,1522577545.0
855,2256 0017 8757 6256,MAESTRO,1041,elektronikai,5382369026,104210,HUF,True,47.4955751,19.0689243,,1522577913.0
98,9997 6810 8593 2141,DINERS,1082,utazás,5382368269,264776,HUF,True,47.49721,19.0488859,,1522577926.0
379,2087 4485 5469 0726,JCB,1041,elektronikai,5382368550,157184,HUF,True,47.4955751,19.0689243,,1522578022.0
515,1259 1280 3538 5658,JCB,1042,elektronikai,5382368686,119429,HUF,True,47.517732,19.141521,,1522578171.0
281,0364 5038 0346 8553,MASTERCARD,1022,ruházat,5382368452,8477,HUF,True,47.511583,19.035859,,1522578219.0
702,9498 6667 6428 2903,MASTERCARD,1070,könyv,5382368873,3232,HUF,True,47.5042391,19.0599304,,1522578360.0
724,4087 1498 5143 7497,MASTERCARD,1061,szórakozás,5382368895,3467,HUF,True,47.4936625,19.0526852,,1522578394.0
605,5304 5053 2002 0549,AMEX,1072,könyv,5382368776,5890,HUF,True,47.496119,19.066945,,1522578584.0
431,9653 6914 7222 4243,AMEX,1003,élelmiszer,5382368602,34967,HUF,True,47.4937711,19.0564734,,1522578741.0
497,5342 2187 5764 8291,DINERS,1012,étterem,5382368668,2363,HUF,True,47.5098377,19.0981019,,1522578845.0
614,5356 4308 6635 6957,MAESTRO,1031,egészség,5382368785,19773,HUF,True,47.4999491,19.0571779,,1522578909.0
732,3264 2977 7695 0073,AMEX,1030,egészség,5382368903,37523,HUF,True,47.5065185,19.1019453,,1522579140.0
852,6062 0315 6443 8753,JCB,1031,egészség,5382369023,5688,HUF,True,47.4999491,19.0571779,,1522579306.0
209,9305 9601 7768 8244,DINERS,1081,utazás,5382368380,82415,HUF,True,47.492694,19.053128,,1522579534.0
259,0127 7581 9229 2892,MASTERCARD,1040,elektronikai,5382368430,170509,HUF,True,47.4983895,19.0913913,,1522579672.0
306,5304 5053 2002 0549,AMEX,1032,egészség,5382368477,9925,HUF,True,47.510766,19.0513418,,1522579678.0
812,6532 5922 6468 7304,JCB,1002,élelmiszer,5382368983,18838,HUF,True,47.50098,19.0593837,,1522579733.0
798,5973 6759 4486 8533,AMEX,1021,ruházat,5382368969,20528,HUF,True,47.5024646,19.1347594,,1522579850.0
241,1414 0385 4192 5599,DINERS,1081,utazás,5382368412,228524,HUF,True,47.492694,19.053128,,1522579914.0
4,2215 3804 4290 8873,MASTERCARD,1003,élelmiszer,5382368175,7928,HUF,True,47.4937711,19.0564734,,1522579939.0
647,2312 3501 8170 8849,VISA,1070,könyv,5382368818,6605,HUF,True,47.5042391,19.0599304,,1522580270.0
639,4525 2485 5791 3825,MASTERCARD,1081,utazás,5382368810,167197,HUF,True,47.492694,19.053128,,1522580500.0
602,1896 3754 1555 7249,VISA,1021,ruházat,5382368773,26441,HUF,True,47.5024646,19.1347594,,1522580539.0
49,1309 4030 1655 7049,MASTERCARD,1061,szórakozás,5382368220,7274,HUF,True,47.4936625,19.0526852,,1522580694.0
255,0127 7581 9229 2892,MASTERCARD,1080,utazás,5382368426,197383,HUF,True,47.499512,19.053063,,1522580979.0
740,3264 2977 7695 0073,AMEX,1072,könyv,5382368911,2756,HUF,True,47.496119,19.066945,,1522581301.0
290,7308 9479 3928 4037,DINERS,1021,ruházat,5382368461,14653,HUF,True,47.5024646,19.1347594,,1522581443.0
57,8332 5303 7005 4057,DINERS,1021,ruházat,5382368228,10443,HUF,True,47.5024646,19.1347594,,1522581525.0
671,9831 5540 8558 8700,JCB,1062,szórakozás,5382368842,2004,HUF,True,47.4771073,19.0602603,,1522581537.0
652,2312 3501 8170 8849,VISA,1061,szórakozás,5382368823,7291,HUF,True,47.4936625,19.0526852,,1522581551.0
407,2744 7585 6141 8267,MAESTRO,1050,üzemanyag,5382368578,10981,HUF,True,47.5135858,19.1208947,,1522581570.0
62,8332 5303 7005 4057,DINERS,1010,étterem,5382368233,2192,HUF,True,47.5050979,19.0504007,,1522581715.0
487,3962 0881 6561 1623,VISA,1051,üzemanyag,5382368658,9467,HUF,True,47.50853,19.0997001,,1522581721.0
181,9579 3474 5266 5055,JCB,1070,könyv,5382368352,3420,HUF,True,47.5042391,19.0599304,,1522581776.0
705,9498 6667 6428 2903,MASTERCARD,1052,üzemanyag,5382368876,7045,HUF,True,47.558184,19.07439,,1522581805.0
170,7203 5552 9806 3092,MAESTRO,1031,egészség,5382368341,26070,HUF,True,47.4999491,19.0571779,,1522581880.0
338,0109 6594 4711 0506,DINERS,1011,étterem,5382368509,2781,HUF,True,47.4861163,19.0647328,,1522582352.0
3,2215 3804 4290 8873,MASTERCARD,1022,ruházat,5382368174,12716,HUF,True,47.511583,19.035859,,1522582461.0
781,7295 3884 3256 9726,JCB,1021,ruházat,5382368952,26485,HUF,True,47.5024646,19.1347594,,1522582481.0
432,5174 2201 1229 1620,VISA,1060,szórakozás,5382368603,4368,HUF,True,47.5031823,19.0621811,,1522582630.0
587,5762 3359 5076 9520,AMEX,1081,utazás,5382368758,135663,HUF,True,47.492694,19.053128,,1522582756.0
502,9494 7591 0993 7957,MAESTRO,1020,ruházat,5382368673,15453,HUF,True,7.5132144,19.0568654,,1522582999.0
562,0177 2447 8428 0167,VISA,1003,élelmiszer,5382368733,5522,HUF,True,47.4937711,19.0564734,,1522583317.0
343,1414 0385 4192 5599,DINERS,1011,étterem,5382368514,2488,HUF,True,47.4861163,19.0647328,,1522583343.0
345,1414 0385 4192 5599,DINERS,1012,étterem,5382368516,3891,HUF,True,47.5098377,19.0981019,,1522583455.0
682,5611 9408 2337 0993,MASTERCARD,1071,könyv,5382368853,5188,HUF,True,47.5085084,19.0194369,,1522583485.0
609,5304 5053 2002 0549,AMEX,1030,egészség,5382368780,11805,HUF,True,47.5065185,19.1019453,,1522583494.0
553,8518 5246 1391 4191,JCB,1062,szórakozás,5382368724,6741,HUF,True,47.4771073,19.0602603,,1522583563.0
376,8846 3464 1887 1747,JCB,1082,utazás,5382368547,246772,HUF,True,47.49721,19.0488859,,1522583666.0
85,4983 7208 8996 5730,MAESTRO,1051,üzemanyag,5382368256,16633,HUF,True,47.50853,19.0997001,,1522583765.0
168,7203 5552 9806 3092,MAESTRO,1052,üzemanyag,5382368339,14416,HUF,True,47.558184,19.07439,,1522583801.0
315,1243 8292 5526 6430,MAESTRO,1040,elektronikai,5382368486,157491,HUF,True,47.4983895,19.0913913,,1522583923.0
746,4095 9626 9863 7213,JCB,1050,üzemanyag,5382368917,9935,HUF,True,47.5135858,19.1208947,,1522584141.0
274,6843 8992 4003 2741,JCB,1021,ruházat,5382368445,7437,HUF,True,47.5024646,19.1347594,,1522584188.0
807,6532 5922 6468 7304,JCB,1031,egészség,5382368978,29443,HUF,True,47.4999491,19.0571779,,1522584249.0
193,8230 8554 5718 9428,VISA,1030,egészség,5382368364,18779,HUF,True,47.5065185,19.1019453,,1522584356.0
556,8518 5246 1391 4191,JCB,1002,élelmiszer,5382368727,30656,HUF,True,47.50098,19.0593837,,1522584397.0
713,1414 0385 4192 5599,DINERS,1081,utazás,5382368884,117369,HUF,True,47.492694,19.053128,,1522584397.0
334,4062 7308 2737 6939,DINERS,1060,szórakozás,5382368505,4440,HUF,True,47.5031823,19.0621811,,1522584577.0
313,1147 3437 0029 3556,MAESTRO,1080,utazás,5382368484,306235,HUF,True,47.499512,19.053063,,1522584591.0
884,8104 2299 6607 5694,MAESTRO,1010,étterem,5382369055,6049,HUF,True,47.5050979,19.0504007,,1522584642.0
504,9494 7591 0993 7957,MAESTRO,1012,étterem,5382368675,4604,HUF,True,47.5098377,19.0981019,,1522584805.0
276,6843 8992 4003 2741,JCB,1022,ruházat,5382368447,7019,HUF,True,47.511583,19.035859,,1522584867.0
831,2824 4379 7782 1538,MAESTRO,1011,étterem,5382369002,5246,HUF,True,47.4861163,19.0647328,,1522584872.0
263,7642 4096 8911 0788,JCB,1050,üzemanyag,5382368434,7810,HUF,True,47.5135858,19.1208947,,1522584876.0
457,5342 2187 5764 8291,DINERS,1001,élelmiszer,5382368628,21274,HUF,True,47.4993318,19.0237523,,1522585015.0
483,3962 0881 6561 1623,VISA,1040,elektronikai,5382368654,133035,HUF,True,47.4983895,19.0913913,,1522585024.0
771,2573 4643 5741 4081,MASTERCARD,1011,étterem,5382368942,7184,HUF,True,47.4861163,19.0647328,,1522585154.0
266,7642 4096 8911 0788,JCB,1060,szórakozás,5382368437,1023,HUF,True,47.5031823,19.0621811,,1522585289.0
775,7295 3884 3256 9726,JCB,1070,könyv,5382368946,5681,HUF,True,47.5042391,19.0599304,,1522585761.0
770,2573 4643 5741 4081,MASTERCARD,1042,elektronikai,5382368941,60005,HUF,True,47.517732,19.141521,,1522585782.0
655,7905 3290 7414 0856,JCB,1072,könyv,5382368826,4634,HUF,True,47.496119,19.066945,,1522585806.0
714,2000 6888 3149 4438,MASTERCARD,1021,ruházat,5382368885,20204,HUF,True,47.5024646,19.1347594,,1522585808.0
419,9009 1317 0295 4479,MAESTRO,1042,elektronikai,5382368590,198434,HUF,True,47.517732,19.141521,,1522585992.0
19,1953 3107 8098 5087,AMEX,1062,szórakozás,5382368190,7905,HUF,True,47.4771073,19.0602603,,1522586095.0
370,8846 3464 1887 1747,JCB,1041,elektronikai,5382368541,119280,HUF,True,47.4955751,19.0689243,,1522586216.0
161,9494 7591 0993 7957,MAESTRO,1002,élelmiszer,5382368332,8905,HUF,True,47.50098,19.0593837,,1522586274.0
118,1042 6695 1408 6391,MAESTRO,1070,könyv,5382368289,6348,HUF,True,47.5042391,19.0599304,,1522586556.0
455,5342 2187 5764 8291,DINERS,1062,szórakozás,5382368626,5405,HUF,True,47.4771073,19.0602603,,1522586657.0
793,8715 1224 5535 5432,JCB,1041,elektronikai,5382368964,190644,HUF,True,47.4955751,19.0689243,,1522587079.0
521,4566 4417 2318 2220,DINERS,1032,egészség,5382368692,9496,HUF,True,47.510766,19.0513418,,1522587106.0
298,5304 5053 2002 0549,AMEX,1022,ruházat,5382368469,23197,HUF,True,47.511583,19.035859,,1522587130.0
734,3264 2977 7695 0073,AMEX,1003,élelmiszer,5382368905,11685,HUF,True,47.4937711,19.0564734,,1522587194.0
677,6802 8337 0740 4279,MAESTRO,1012,étterem,5382368848,6787,HUF,True,47.5098377,19.0981019,,1522587201.0
361,2700 0689 7487 1833,AMEX,1002,élelmiszer,5382368532,5152,HUF,True,47.50098,19.0593837,,1522587279.0
135,1275 8893 8058 5493,MAESTRO,1001,élelmiszer,5382368306,3551,HUF,True,47.4993318,19.0237523,,1522587332.0
76,1073 3471 6130 3072,VISA,1010,étterem,5382368247,7134,HUF,True,47.5050979,19.0504007,,1522587384.0
371,8846 3464 1887 1747,JCB,1020,ruházat,5382368542,5958,HUF,True,7.5132144,19.0568654,,1522587446.0
443,1434 2445 5812 2205,DINERS,1062,szórakozás,5382368614,2929,HUF,True,47.4771073,19.0602603,,1522587512.0
136,1275 8893 8058 5493,MAESTRO,1081,utazás,5382368307,251740,HUF,True,47.492694,19.053128,,1522587547.0
308,0775 9209 2707 8724,MASTERCARD,1020,ruházat,5382368479,18504,HUF,True,7.5132144,19.0568654,,1522587572.0
250,5257 5692 5802 2898,MASTERCARD,1062,szórakozás,5382368421,1147,HUF,True,47.4771073,19.0602603,,1522587791.0
342,1414 0385 4192 5599,DINERS,1060,szórakozás,5382368513,7267,HUF,True,47.5031823,19.0621811,,1522587800.0
96,9997 6810 8593 2141,DINERS,1040,elektronikai,5382368267,200794,HUF,True,47.4983895,19.0913913,,1522587880.0
155,8725 6076 9140 0927,JCB,1072,könyv,5382368326,6207,HUF,True,47.496119,19.066945,,1522587988.0
525,2517 8944 6912 4050,MAESTRO,1080,utazás,5382368696,259091,HUF,True,47.499512,19.053063,,1522588073.0
291,4566 4417 2318 2220,DINERS,1021,ruházat,5382368462,7068,HUF,True,47.5024646,19.1347594,,1522588077.0
128,2256 0017 8757 6256,MAESTRO,1060,szórakozás,5382368299,1063,HUF,True,47.5031823,19.0621811,,1522588145.0
356,2700 0689 7487 1833,AMEX,1030,egészség,5382368527,8400,HUF,True,47.5065185,19.1019453,,1522588236.0
751,2142 1016 3870 6371,MASTERCARD,1040,elektronikai,5382368922,236927,HUF,True,47.4983895,19.0913913,,1522588336.0
573,3870 6905 4371 0882,MAESTRO,1082,utazás,5382368744,112741,HUF,True,47.49721,19.0488859,,1522588379.0
856,2902 0527 4227 5619,DINERS,1012,étterem,5382369027,6515,HUF,True,47.5098377,19.0981019,,1522588533.0
383,2087 4485 5469 0726,JCB,1011,étterem,5382368554,5641,HUF,True,47.4861163,19.0647328,,1522588564.0
131,2256 0017 8757 6256,MAESTRO,1002,élelmiszer,5382368302,3417,HUF,True,47.50098,19.0593837,,1522588615.0
469,7165 9354 8659 8699,JCB,1080,utazás,5382368640,94622,HUF,True,47.499512,19.053063,,1522588649.0
730,1309 4030 1655 7049,MASTERCARD,1060,szórakozás,5382368901,7216,HUF,True,47.5031823,19.0621811,,1522588690.0
196,8230 8554 5718 9428,VISA,1001,élelmiszer,5382368367,27976,HUF,True,47.4993318,19.0237523,,1522588736.0
719,2000 6888 3149 4438,MASTERCARD,1072,könyv,5382368890,6872,HUF,True,47.496119,19.066945,,1522588748.0
426,5079 7171 3415 7074,VISA,1041,elektronikai,5382368597,152971,HUF,True,47.4955751,19.0689243,,1522588765.0
425,2824 4379 7782 1538,MAESTRO,1080,utazás,5382368596,161841,HUF,True,47.499512,19.053063,,1522588780.0
717,2000 6888 3149 4438,MASTERCARD,1082,utazás,5382368888,266872,HUF,True,47.49721,19.0488859,,1522588858.0
294,3299 2342 8812 9447,JCB,1022,ruházat,5382368465,24694,HUF,True,47.511583,19.035859,,1522588868.0
230,7587 1493 2726 1857,JCB,1041,elektronikai,5382368401,42711,HUF,True,47.4955751,19.0689243,,1522588890.0
340,1414 0385 4192 5599,DINERS,1050,üzemanyag,5382368511,12785,HUF,True,47.5135858,19.1208947,,1522588954.0
397,3444 1222 2342 4138,JCB,1060,szórakozás,5382368568,2823,HUF,True,47.5031823,19.0621811,,1522589071.0
169,7203 5552 9806 3092,MAESTRO,1050,üzemanyag,5382368340,17636,HUF,True,47.5135858,19.1208947,,1522589162.0
697,6183 4516 0522 5589,MASTERCARD,1003,élelmiszer,5382368868,31002,HUF,True,47.4937711,19.0564734,,1522589215.0
73,1073 3471 6130 3072,VISA,1030,egészség,5382368244,34349,HUF,True,47.5065185,19.1019453,,1522589225.0
116,1735 3926 2577 6402,MAESTRO,1022,ruházat,5382368287,26765,HUF,True,47.511583,19.035859,,1522589481.0
589,3129 9231 5454 8555,MASTERCARD,1042,elektronikai,5382368760,150432,HUF,True,47.517732,19.141521,,1522589625.0
723,4087 1498 5143 7497,MASTERCARD,1080,utazás,5382368894,325493,HUF,True,47.499512,19.053063,,1522589655.0
189,8717 9798 1791 8695,AMEX,1071,könyv,5382368360,5800,HUF,True,47.5085084,19.0194369,,1522589864.0
492,5342 2187 5764 8291,DINERS,1071,könyv,5382368663,4459,HUF,True,47.5085084,19.0194369,,1522589905.0
507,0837 4164 0851 4159,VISA,1001,élelmiszer,5382368678,19319,HUF,True,47.4993318,19.0237523,,1522590021.0
292,4566 4417 2318 2220,DINERS,1041,elektronikai,5382368463,219126,HUF,True,47.4955751,19.0689243,,1522590187.0
441,1434 2445 5812 2205,DINERS,1002,élelmiszer,5382368612,16315,HUF,True,47.50098,19.0593837,,1522590228.0
269,1109 7706 3166 0629,MAESTRO,1031,egészség,5382368440,14183,HUF,True,47.4999491,19.0571779,,1522590317.0
373,8846 3464 1887 1747,JCB,1012,étterem,5382368544,9343,HUF,True,47.5098377,19.0981019,,1522590386.0
774,7295 3884 3256 9726,JCB,1042,elektronikai,5382368945,217716,HUF,True,47.517732,19.141521,,1522590635.0
666,0688 8475 4614 2975,VISA,1040,elektronikai,5382368837,56882,HUF,True,47.4983895,19.0913913,,1522590900.0
582,2098 9490 7255 8249,AMEX,1042,elektronikai,5382368753,24874,HUF,True,47.517732,19.141521,,1522591001.0
768,2573 4643 5741 4081,MASTERCARD,1051,üzemanyag,5382368939,17715,HUF,True,47.50853,19.0997001,,1522591093.0
871,6325 7591 9064 7465,AMEX,1010,étterem,5382369042,2424,HUF,True,47.5050979,19.0504007,,1522591254.0
848,7752 6551 1286 7572,VISA,1082,utazás,5382369019,156552,HUF,True,47.49721,19.0488859,,1522591304.0
711,1414 0385 4192 5599,DINERS,1001,élelmiszer,5382368882,13513,HUF,True,47.4993318,19.0237523,,1522591353.0
243,1414 0385 4192 5599,DINERS,1080,utazás,5382368414,212536,HUF,True,47.499512,19.053063,,1522591538.0
63,8332 5303 7005 4057,DINERS,1032,egészség,5382368234,26724,HUF,True,47.510766,19.0513418,,1522591563.0
147,8332 5303 7005 4057,DINERS,1080,utazás,5382368318,56702,HUF,True,47.499512,19.053063,,1522591579.0
215,9305 9601 7768 8244,DINERS,1062,szórakozás,5382368386,5593,HUF,True,47.4771073,19.0602603,,1522591672.0
862,2700 0689 7487 1833,AMEX,1003,élelmiszer,5382369033,15133,HUF,True,47.4937711,19.0564734,,1522591717.0
864,0167 1821 9649 5049,AMEX,1003,élelmiszer,5382369035,24582,HUF,True,47.4937711,19.0564734,,1522591864.0
139,8717 9798 1791 8695,AMEX,1002,élelmiszer,5382368310,4502,HUF,True,47.50098,19.0593837,,1522592013.0
375,8846 3464 1887 1747,JCB,1041,elektronikai,5382368546,14390,HUF,True,47.4955751,19.0689243,,1522592105.0
417,3838 2073 5821 2331,JCB,1001,élelmiszer,5382368588,34642,HUF,True,47.4993318,19.0237523,,1522592118.0
352,1292 6178 8155 3809,VISA,1020,ruházat,5382368523,14867,HUF,True,7.5132144,19.0568654,,1522592125.0
534,1489 8505 4892 1036,DINERS,1061,szórakozás,5382368705,5948,HUF,True,47.4936625,19.0526852,,1522592137.0
551,3555 6884 9851 3164,MASTERCARD,1082,utazás,5382368722,151306,HUF,True,47.49721,19.0488859,,1522592291.0
632,5079 7171 3415 7074,VISA,1050,üzemanyag,5382368803,13546,HUF,True,47.5135858,19.1208947,,1522592336.0
444,1434 2445 5812 2205,DINERS,1003,élelmiszer,5382368615,25652,HUF,True,47.4937711,19.0564734,,1522592404.0
26,1777 9355 5006 9141,MAESTRO,1012,étterem,5382368197,4417,HUF,True,47.5098377,19.0981019,,1522592454.0
21,1953 3107 8098 5087,AMEX,1071,könyv,5382368192,3575,HUF,True,47.5085084,19.0194369,,1522592480.0
817,9579 3474 5266 5055,JCB,1002,élelmiszer,5382368988,30191,HUF,True,47.50098,19.0593837,,1522592487.0
516,0848 0619 2206 9236,MASTERCARD,1032,egészség,5382368687,23753,HUF,True,47.510766,19.0513418,,1522592685.0
145,8717 9798 1791 8695,AMEX,1010,étterem,5382368316,7969,HUF,True,47.5050979,19.0504007,,1522592686.0
542,4843 8859 7179 9639,MAESTRO,1082,utazás,5382368713,193028,HUF,True,47.49721,19.0488859,,1522592833.0
869,7774 5233 4182 1814,MASTERCARD,1052,üzemanyag,5382369040,9827,HUF,True,47.558184,19.07439,,1522592942.0
164,2235 7547 3240 7056,JCB,1003,élelmiszer,5382368335,37997,HUF,True,47.4937711,19.0564734,,1522593095.0
32,1110 4387 7346 9884,MASTERCARD,1080,utazás,5382368203,124233,HUF,True,47.499512,19.053063,,1522593229.0
588,5762 3359 5076 9520,AMEX,1021,ruházat,5382368759,14715,HUF,True,47.5024646,19.1347594,,1522593703.0
789,3014 9197 3669 7151,AMEX,1040,elektronikai,5382368960,113899,HUF,True,47.4983895,19.0913913,,1522593870.0
16,1953 3107 8098 5087,AMEX,1010,étterem,5382368187,4448,HUF,True,47.5050979,19.0504007,,1522593958.0
715,2000 6888 3149 4438,MASTERCARD,1012,étterem,5382368886,3078,HUF,True,47.5098377,19.0981019,,1522594017.0
618,4142 9828 3629 9838,DINERS,1070,könyv,5382368789,6308,HUF,True,47.5042391,19.0599304,,1522594474.0
698,6121 9036 8549 8870,AMEX,1052,üzemanyag,5382368869,13334,HUF,True,47.558184,19.07439,,1522594693.0
533,1489 8505 4892 1036,DINERS,1003,élelmiszer,5382368704,681,HUF,True,47.4937711,19.0564734,,1522594803.0
729,1309 4030 1655 7049,MASTERCARD,1022,ruházat,5382368900,11352,HUF,True,47.511583,19.035859,,1522594923.0
868,2493 0740 1472 3347,JCB,1002,élelmiszer,5382369039,10591,HUF,True,47.50098,19.0593837,,1522595082.0
242,1414 0385 4192 5599,DINERS,1070,könyv,5382368413,2081,HUF,True,47.5042391,19.0599304,,1522595118.0
598,7945 1860 7019 0960,VISA,1050,üzemanyag,5382368769,11842,HUF,True,47.5135858,19.1208947,,1522595205.0
33,1110 4387 7346 9884,MASTERCARD,1040,elektronikai,5382368204,172575,HUF,True,47.4983895,19.0913913,,1522595230.0
626,0109 6594 4711 0506,DINERS,1061,szórakozás,5382368797,5152,HUF,True,47.4936625,19.0526852,,1522595248.0
160,9494 7591 0993 7957,MAESTRO,1071,könyv,5382368331,2110,HUF,True,47.5085084,19.0194369,,1522595318.0
782,3014 9197 3669 7151,AMEX,1081,utazás,5382368953,87493,HUF,True,47.492694,19.053128,,1522595485.0
755,2142 1016 3870 6371,MASTERCARD,1051,üzemanyag,5382368926,10432,HUF,True,47.50853,19.0997001,,1522595671.0
165,2235 7547 3240 7056,JCB,1041,elektronikai,5382368336,163101,HUF,True,47.4955751,19.0689243,,1522595872.0
138,8717 9798 1791 8695,AMEX,1080,utazás,5382368309,173716,HUF,True,47.499512,19.053063,,1522596153.0
811,6532 5922 6468 7304,JCB,1081,utazás,5382368982,342709,HUF,True,47.492694,19.053128,,1522596237.0
829,2824 4379 7782 1538,MAESTRO,1052,üzemanyag,5382369000,6491,HUF,True,47.558184,19.07439,,1522596356.0
413,7945 1860 7019 0960,VISA,1031,egészség,5382368584,2474,HUF,True,47.4999491,19.0571779,,1522596664.0
536,1489 8505 4892 1036,DINERS,1020,ruházat,5382368707,17359,HUF,True,7.5132144,19.0568654,,1522596687.0
879,3466 8892 8034 9815,DINERS,1080,utazás,5382369050,128237,HUF,True,47.499512,19.053063,,1522596809.0
11,8880 5795 7614 8511,JCB,1021,ruházat,5382368182,18171,HUF,True,47.5024646,19.1347594,,1522596864.0
722,4087 1498 5143 7497,MASTERCARD,1050,üzemanyag,5382368893,16985,HUF,True,47.5135858,19.1208947,,1522596934.0
322,1243 8292 5526 6430,MAESTRO,1060,szórakozás,5382368493,7669,HUF,True,47.5031823,19.0621811,,1522597021.0
166,2235 7547 3240 7056,JCB,1003,élelmiszer,5382368337,19484,HUF,True,47.4937711,19.0564734,,1522597038.0
640,4525 2485 5791 3825,MASTERCARD,1080,utazás,5382368811,192699,HUF,True,47.499512,19.053063,,1522597082.0
182,8717 9798 1791 8695,AMEX,1011,étterem,5382368353,8751,HUF,True,47.4861163,19.0647328,,1522597085.0
328,5342 2187 5764 8291,DINERS,1012,étterem,5382368499,8368,HUF,True,47.5098377,19.0981019,,1522597392.0
66,5492 0944 9191 4359,MASTERCARD,1050,üzemanyag,5382368237,15659,HUF,True,47.5135858,19.1208947,,1522597396.0
256,0127 7581 9229 2892,MASTERCARD,1072,könyv,5382368427,5058,HUF,True,47.496119,19.066945,,1522597418.0
477,8830 9478 7067 6075,DINERS,1060,szórakozás,5382368648,3083,HUF,True,47.5031823,19.0621811,,1522597528.0
280,0364 5038 0346 8553,MASTERCARD,1082,utazás,5382368451,61473,HUF,True,47.49721,19.0488859,,1522597586.0
695,6183 4516 0522 5589,MASTERCARD,1031,egészség,5382368866,35101,HUF,True,47.4999491,19.0571779,,1522597593.0
557,9794 4753 7739 3222,MAESTRO,1003,élelmiszer,5382368728,30251,HUF,True,47.4937711,19.0564734,,1522597753.0
404,1489 8505 4892 1036,DINERS,1041,elektronikai,5382368575,223273,HUF,True,47.4955751,19.0689243,,1522597800.0
103,1073 3471 6130 3072,VISA,1080,utazás,5382368274,205612,HUF,True,47.499512,19.053063,,1522597885.0
137,1275 8893 8058 5493,MAESTRO,1012,étterem,5382368308,3417,HUF,True,47.5098377,19.0981019,,1522597893.0
535,1489 8505 4892 1036,DINERS,1072,könyv,5382368706,4992,HUF,True,47.496119,19.066945,,1522597957.0
293,3299 2342 8812 9447,JCB,1042,elektronikai,5382368464,80455,HUF,True,47.517732,19.141521,,1522597992.0
490,5342 2187 5764 8291,DINERS,1003,élelmiszer,5382368661,12039,HUF,True,47.4937711,19.0564734,,1522598007.0
312,1147 3437 0029 3556,MAESTRO,1072,könyv,5382368483,4756,HUF,True,47.496119,19.066945,,1522598321.0
82,1073 3471 6130 3072,VISA,1030,egészség,5382368253,18106,HUF,True,47.5065185,19.1019453,,1522598397.0
846,0653 6782 8628 2100,MAESTRO,1070,könyv,5382369017,4368,HUF,True,47.5042391,19.0599304,,1522598768.0
499,9494 7591 0993 7957,MAESTRO,1070,könyv,5382368670,2140,HUF,True,47.5042391,19.0599304,,1522598788.0
753,2142 1016 3870 6371,MASTERCARD,1080,utazás,5382368924,132481,HUF,True,47.499512,19.053063,,1522598794.0
107,0777 3445 6344 1477,JCB,1060,szórakozás,5382368278,5286,HUF,True,47.5031823,19.0621811,,1522599010.0
560,9794 4753 7739 3222,MAESTRO,1052,üzemanyag,5382368731,16828,HUF,True,47.558184,19.07439,,1522599178.0
311,1147 3437 0029 3556,MAESTRO,1011,étterem,5382368482,9392,HUF,True,47.4861163,19.0647328,,1522599205.0
405,1489 8505 4892 1036,DINERS,1022,ruházat,5382368576,12836,HUF,True,47.511583,19.035859,,1522599206.0
153,8725 6076 9140 0927,JCB,1012,étterem,5382368324,9458,HUF,True,47.5098377,19.0981019,,1522599216.0
821,9579 3474 5266 5055,JCB,1061,szórakozás,5382368992,5841,HUF,True,47.4936625,19.0526852,,1522599330.0
464,7165 9354 8659 8699,JCB,1001,élelmiszer,5382368635,12918,HUF,True,47.4993318,19.0237523,,1522599470.0
436,5174 2201 1229 1620,VISA,1042,elektronikai,5382368607,16905,HUF,True,47.517732,19.141521,,1522599482.0
380,2087 4485 5469 0726,JCB,1032,egészség,5382368551,18521,HUF,True,47.510766,19.0513418,,1522599670.0
634,5079 7171 3415 7074,VISA,1080,utazás,5382368805,192801,HUF,True,47.499512,19.053063,,1522599715.0
637,4525 2485 5791 3825,MASTERCARD,1061,szórakozás,5382368808,5516,HUF,True,47.4936625,19.0526852,,1522599717.0
48,1309 4030 1655 7049,MASTERCARD,1071,könyv,5382368219,2434,HUF,True,47.5085084,19.0194369,,1522599900.0
481,3962 0881 6561 1623,VISA,1042,elektronikai,5382368652,82638,HUF,True,47.517732,19.141521,,1522600155.0
305,5304 5053 2002 0549,AMEX,1071,könyv,5382368476,2010,HUF,True,47.5085084,19.0194369,,1522600200.0
178,3556 4312 2451 3047,AMEX,1042,elektronikai,5382368349,99269,HUF,True,47.517732,19.141521,,1522600212.0
15,1953 3107 8098 5087,AMEX,1060,szórakozás,5382368186,4488,HUF,True,47.5031823,19.0621811,,1522600231.0
675,6802 8337 0740 4279,MAESTRO,1070,könyv,5382368846,6315,HUF,True,47.5042391,19.0599304,,1522600273.0
302,5304 5053 2002 0549,AMEX,1081,utazás,5382368473,322235,HUF,True,47.492694,19.053128,,1522600482.0
485,3962 0881 6561 1623,VISA,1001,élelmiszer,5382368656,33177,HUF,True,47.4993318,19.0237523,,1522600608.0
558,9794 4753 7739 3222,MAESTRO,1031,egészség,5382368729,25439,HUF,True,47.4999491,19.0571779,,1522600608.0
863,2700 0689 7487 1833,AMEX,1032,egészség,5382369034,23360,HUF,True,47.510766,19.0513418,,1522600691.0
158,8725 6076 9140 0927,JCB,1042,elektronikai,5382368329,61773,HUF,True,47.517732,19.141521,,1522600714.0
60,8332 5303 7005 4057,DINERS,1001,élelmiszer,5382368231,6523,HUF,True,47.4993318,19.0237523,,1522600770.0
275,6843 8992 4003 2741,JCB,1022,ruházat,5382368446,17604,HUF,True,47.511583,19.035859,,1522600798.0
301,5304 5053 2002 0549,AMEX,1031,egészség,5382368472,15839,HUF,True,47.4999491,19.0571779,,1522600825.0
704,9498 6667 6428 2903,MASTERCARD,1012,étterem,5382368875,3181,HUF,True,47.5098377,19.0981019,,1522600939.0
825,9579 3474 5266 5055,JCB,1012,étterem,5382368996,3640,HUF,True,47.5098377,19.0981019,,1522600978.0
253,5257 5692 5802 2898,MASTERCARD,1062,szórakozás,5382368424,3560,HUF,True,47.4771073,19.0602603,,1522601049.0
13,1953 3107 8098 5087,AMEX,1080,utazás,5382368184,227601,HUF,True,47.499512,19.053063,,1522601082.0
749,4095 9626 9863 7213,JCB,1080,utazás,5382368920,280182,HUF,True,47.499512,19.053063,,1522601330.0
592,3129 9231 5454 8555,MASTERCARD,1070,könyv,5382368763,2211,HUF,True,47.5042391,19.0599304,,1522601574.0
211,9305 9601 7768 8244,DINERS,1020,ruházat,5382368382,10938,HUF,True,7.5132144,19.0568654,,1522601594.0
316,1243 8292 5526 6430,MAESTRO,1003,élelmiszer,5382368487,28780,HUF,True,47.4937711,19.0564734,,1522601667.0
543,4843 8859 7179 9639,MAESTRO,1042,elektronikai,5382368714,67010,HUF,True,47.517732,19.141521,,1522601945.0
244,3014 9197 3669 7151,AMEX,1003,élelmiszer,5382368415,7870,HUF,True,47.4937711,19.0564734,,1522601971.0
656,7905 3290 7414 0856,JCB,1022,ruházat,5382368827,25606,HUF,True,47.511583,19.035859,,1522601979.0
854,2256 0017 8757 6256,MAESTRO,1042,elektronikai,5382369025,11296,HUF,True,47.517732,19.141521,,1522601985.0
188,8717 9798 1791 8695,AMEX,1011,étterem,5382368359,2785,HUF,True,47.4861163,19.0647328,,1522602017.0
454,5342 2187 5764 8291,DINERS,1072,könyv,5382368625,6784,HUF,True,47.496119,19.066945,,1522602118.0
154,8725 6076 9140 0927,JCB,1042,elektronikai,5382368325,247934,HUF,True,47.517732,19.141521,,1522602124.0
233,9653 6914 7222 4243,AMEX,1072,könyv,5382368404,6573,HUF,True,47.496119,19.066945,,1522602142.0
607,5304 5053 2002 0549,AMEX,1022,ruházat,5382368778,21253,HUF,True,47.511583,19.035859,,1522602326.0
205,0748 0630 8298 6831,VISA,1010,étterem,5382368376,6508,HUF,True,47.5050979,19.0504007,,1522602396.0
239,1414 0385 4192 5599,DINERS,1020,ruházat,5382368410,22229,HUF,True,7.5132144,19.0568654,,1522602397.0
108,0777 3445 6344 1477,JCB,1040,elektronikai,5382368279,234115,HUF,True,47.4983895,19.0913913,,1522602539.0
102,1073 3471 6130 3072,VISA,1052,üzemanyag,5382368273,7841,HUF,True,47.558184,19.07439,,1522602910.0
227,7587 1493 2726 1857,JCB,1051,üzemanyag,5382368398,9823,HUF,True,47.50853,19.0997001,,1522603066.0
132,1275 8893 8058 5493,MAESTRO,1070,könyv,5382368303,4938,HUF,True,47.5042391,19.0599304,,1522603274.0
53,2882 7191 8185 7940,AMEX,1031,egészség,5382368224,29881,HUF,True,47.4999491,19.0571779,,1522603433.0
219,7587 1493 2726 1857,JCB,1050,üzemanyag,5382368390,18616,HUF,True,47.5135858,19.1208947,,1522603532.0
100,1972 2441 6980 3167,DINERS,1002,élelmiszer,5382368271,24861,HUF,True,47.50098,19.0593837,,1522603547.0
718,2000 6888 3149 4438,MASTERCARD,1070,könyv,5382368889,6801,HUF,True,47.5042391,19.0599304,,1522603551.0
303,5304 5053 2002 0549,AMEX,1010,étterem,5382368474,4537,HUF,True,47.5050979,19.0504007,,1522603573.0
447,1434 2445 5812 2205,DINERS,1081,utazás,5382368618,95866,HUF,True,47.492694,19.053128,,1522603655.0
180,6340 3770 0380 2031,MAESTRO,1060,szórakozás,5382368351,7970,HUF,True,47.5031823,19.0621811,,1522603676.0
881,4567 0724 5126 5322,MAESTRO,1021,ruházat,5382369052,15794,HUF,True,47.5024646,19.1347594,,1522603849.0
216,9305 9601 7768 8244,DINERS,1051,üzemanyag,5382368387,7270,HUF,True,47.50853,19.0997001,,1522603969.0
390,6520 7473 5626 3073,DINERS,1021,ruházat,5382368561,10228,HUF,True,47.5024646,19.1347594,,1522604095.0
843,0653 6782 8628 2100,MAESTRO,1050,üzemanyag,5382369014,5176,HUF,True,47.5135858,19.1208947,,1522604162.0
474,4374 8718 7741 0171,MAESTRO,1070,könyv,5382368645,4064,HUF,True,47.5042391,19.0599304,,1522604298.0
416,3838 2073 5821 2331,JCB,1051,üzemanyag,5382368587,14164,HUF,True,47.50853,19.0997001,,1522604522.0
171,7203 5552 9806 3092,MAESTRO,1071,könyv,5382368342,5108,HUF,True,47.5085084,19.0194369,,1522604531.0
763,2678 5940 1612 6704,MASTERCARD,1001,élelmiszer,5382368934,21672,HUF,True,47.4993318,19.0237523,,1522604629.0
202,7752 6551 1286 7572,VISA,1070,könyv,5382368373,6608,HUF,True,47.5042391,19.0599304,,1522604855.0
190,2695 3066 0729 2560,VISA,1012,étterem,5382368361,9183,HUF,True,47.5098377,19.0981019,,1522604919.0
814,6532 5922 6468 7304,JCB,1061,szórakozás,5382368985,1016,HUF,True,47.4936625,19.0526852,,1522604938.0
183,8717 9798 1791 8695,AMEX,1071,könyv,5382368354,4536,HUF,True,47.5085084,19.0194369,,1522605062.0
430,9653 6914 7222 4243,AMEX,1021,ruházat,5382368601,22787,HUF,True,47.5024646,19.1347594,,1522605254.0
586,5762 3359 5076 9520,AMEX,1082,utazás,5382368757,91210,HUF,True,47.49721,19.0488859,,1522605257.0
385,2505 4687 2263 1389,AMEX,1011,étterem,5382368556,2815,HUF,True,47.4861163,19.0647328,,1522605492.0
297,5304 5053 2002 0549,AMEX,1032,egészség,5382368468,6370,HUF,True,47.510766,19.0513418,,1522605783.0
552,8518 5246 1391 4191,JCB,1051,üzemanyag,5382368723,10135,HUF,True,47.50853,19.0997001,,1522605923.0
36,1110 4387 7346 9884,MASTERCARD,1061,szórakozás,5382368207,5994,HUF,True,47.4936625,19.0526852,,1522606028.0
167,2235 7547 3240 7056,JCB,1041,elektronikai,5382368338,248552,HUF,True,47.4955751,19.0689243,,1522606062.0
332,4062 7308 2737 6939,DINERS,1003,élelmiszer,5382368503,11774,HUF,True,47.4937711,19.0564734,,1522606131.0
693,3032 6022 0843 3695,JCB,1052,üzemanyag,5382368864,10520,HUF,True,47.558184,19.07439,,1522606189.0
117,1872 7424 3390 3815,AMEX,1032,egészség,5382368288,35598,HUF,True,47.510766,19.0513418,,1522606423.0
601,7945 1860 7019 0960,VISA,1032,egészség,5382368772,14975,HUF,True,47.510766,19.0513418,,1522606424.0
786,3014 9197 3669 7151,AMEX,1060,szórakozás,5382368957,6140,HUF,True,47.5031823,19.0621811,,1522606452.0
806,7905 0064 7501 4320,AMEX,1071,könyv,5382368977,6692,HUF,True,47.5085084,19.0194369,,1522606562.0
799,5973 6759 4486 8533,AMEX,1061,szórakozás,5382368970,1986,HUF,True,47.4936625,19.0526852,,1522606569.0
287,7308 9479 3928 4037,DINERS,1031,egészség,5382368458,22765,HUF,True,47.4999491,19.0571779,,1522606587.0
865,1673 8264 2876 1963,MAESTRO,1011,étterem,5382369036,7980,HUF,True,47.4861163,19.0647328,,1522606598.0
394,6520 7473 5626 3073,DINERS,1021,ruházat,5382368565,13739,HUF,True,47.5024646,19.1347594,,1522606619.0
434,5174 2201 1229 1620,VISA,1022,ruházat,5382368605,9599,HUF,True,47.511583,19.035859,,1522606718.0
645,9655 0943 3126 4419,MAESTRO,1020,ruházat,5382368816,22385,HUF,True,7.5132144,19.0568654,,1522606722.0
630,5079 7171 3415 7074,VISA,1051,üzemanyag,5382368801,19435,HUF,True,47.50853,19.0997001,,1522606781.0
479,8830 9478 7067 6075,DINERS,1002,élelmiszer,5382368650,17512,HUF,True,47.50098,19.0593837,,1522607037.0
194,8230 8554 5718 9428,VISA,1001,élelmiszer,5382368365,2222,HUF,True,47.4993318,19.0237523,,1522607375.0
258,0127 7581 9229 2892,MASTERCARD,1031,egészség,5382368429,11707,HUF,True,47.4999491,19.0571779,,1522607406.0
662,0688 8475 4614 2975,VISA,1062,szórakozás,5382368833,6545,HUF,True,47.4771073,19.0602603,,1522607544.0
25,1777 9355 5006 9141,MAESTRO,1011,étterem,5382368196,6065,HUF,True,47.4861163,19.0647328,,1522607675.0
779,7295 3884 3256 9726,JCB,1041,elektronikai,5382368950,161190,HUF,True,47.4955751,19.0689243,,1522607675.0
185,8717 9798 1791 8695,AMEX,1071,könyv,5382368356,4305,HUF,True,47.5085084,19.0194369,,1522607813.0
176,3556 4312 2451 3047,AMEX,1061,szórakozás,5382368347,4748,HUF,True,47.4936625,19.0526852,,1522608065.0
355,2700 0689 7487 1833,AMEX,1010,étterem,5382368526,3557,HUF,True,47.5050979,19.0504007,,1522608140.0
688,1279 7406 7185 0643,MAESTRO,1070,könyv,5382368859,6600,HUF,True,47.5042391,19.0599304,,1522608172.0
627,0109 6594 4711 0506,DINERS,1032,egészség,5382368798,36166,HUF,True,47.510766,19.0513418,,1522608222.0
644,9655 0943 3126 4419,MAESTRO,1072,könyv,5382368815,2077,HUF,True,47.496119,19.066945,,1522608401.0
597,7945 1860 7019 0960,VISA,1050,üzemanyag,5382368768,13903,HUF,True,47.5135858,19.1208947,,1522608417.0
348,1414 0385 4192 5599,DINERS,1022,ruházat,5382368519,10778,HUF,True,47.511583,19.035859,,1522608442.0
511,1414 0385 4192 5599,DINERS,1001,élelmiszer,5382368682,21965,HUF,True,47.4993318,19.0237523,,1522608520.0
808,6532 5922 6468 7304,JCB,1072,könyv,5382368979,2092,HUF,True,47.496119,19.066945,,1522608558.0
696,6183 4516 0522 5589,MASTERCARD,1080,utazás,5382368867,263355,HUF,True,47.499512,19.053063,,1522608588.0
460,7165 9354 8659 8699,JCB,1041,elektronikai,5382368631,154747,HUF,True,47.4955751,19.0689243,,1522608597.0
844,0653 6782 8628 2100,MAESTRO,1032,egészség,5382369015,17779,HUF,True,47.510766,19.0513418,,1522608722.0
347,1414 0385 4192 5599,DINERS,1011,étterem,5382368518,9187,HUF,True,47.4861163,19.0647328,,1522608824.0
802,5973 6759 4486 8533,AMEX,1021,ruházat,5382368973,24486,HUF,True,47.5024646,19.1347594,,1522608836.0
616,5356 4308 6635 6957,MAESTRO,1062,szórakozás,5382368787,5917,HUF,True,47.4771073,19.0602603,,1522608891.0
187,8717 9798 1791 8695,AMEX,1040,elektronikai,5382368358,234696,HUF,True,47.4983895,19.0913913,,1522608955.0
595,7945 1860 7019 0960,VISA,1011,étterem,5382368766,2215,HUF,True,47.4861163,19.0647328,,1522608977.0
513,2968 4233 7834 4348,MAESTRO,1012,étterem,5382368684,6135,HUF,True,47.5098377,19.0981019,,1522609172.0
503,9494 7591 0993 7957,MAESTRO,1040,elektronikai,5382368674,71739,HUF,True,47.4983895,19.0913913,,1522609316.0
354,8762 7251 1051 5659,JCB,1032,egészség,5382368525,33582,HUF,True,47.510766,19.0513418,,1522609477.0
89,6522 6315 4569 7791,JCB,1061,szórakozás,5382368260,1467,HUF,True,47.4936625,19.0526852,,1522609497.0
471,7165 9354 8659 8699,JCB,1042,elektronikai,5382368642,97542,HUF,True,47.517732,19.141521,,1522609655.0
648,2312 3501 8170 8849,VISA,1042,elektronikai,5382368819,159072,HUF,True,47.517732,19.141521,,1522609689.0
324,2882 7191 8185 7940,AMEX,1050,üzemanyag,5382368495,9248,HUF,True,47.5135858,19.1208947,,1522609824.0
47,7028 0752 2439 4781,AMEX,1001,élelmiszer,5382368218,20640,HUF,True,47.4993318,19.0237523,,1522609929.0
197,8230 8554 5718 9428,VISA,1052,üzemanyag,5382368368,5067,HUF,True,47.558184,19.07439,,1522610171.0
462,7165 9354 8659 8699,JCB,1041,elektronikai,5382368633,50081,HUF,True,47.4955751,19.0689243,,1522610258.0
833,8270 8799 4662 8717,AMEX,1062,szórakozás,5382369004,3069,HUF,True,47.4771073,19.0602603,,1522610395.0
885,7490 9976 4605 9592,AMEX,1031,egészség,5382369056,38008,HUF,True,47.4999491,19.0571779,,1522610408.0
396,3444 1222 2342 4138,JCB,1010,étterem,5382368567,8777,HUF,True,47.5050979,19.0504007,,1522610485.0
484,3962 0881 6561 1623,VISA,1040,elektronikai,5382368655,169673,HUF,True,47.4983895,19.0913913,,1522610726.0
214,9305 9601 7768 8244,DINERS,1061,szórakozás,5382368385,3515,HUF,True,47.4936625,19.0526852,,1522610736.0
156,8725 6076 9140 0927,JCB,1020,ruházat,5382368327,12843,HUF,True,7.5132144,19.0568654,,1522610865.0
54,2882 7191 8185 7940,AMEX,1011,étterem,5382368225,4106,HUF,True,47.4861163,19.0647328,,1522610928.0
509,0837 4164 0851 4159,VISA,1052,üzemanyag,5382368680,9024,HUF,True,47.558184,19.07439,,1522611381.0
151,2198 9038 1429 1257,MAESTRO,1062,szórakozás,5382368322,7585,HUF,True,47.4771073,19.0602603,,1522611434.0
679,6802 8337 0740 4279,MAESTRO,1020,ruházat,5382368850,22159,HUF,True,7.5132144,19.0568654,,1522611633.0
8,2847 6365 8653 9141,MASTERCARD,1060,szórakozás,5382368179,4216,HUF,True,47.5031823,19.0621811,,1522611807.0
221,7587 1493 2726 1857,JCB,1072,könyv,5382368392,6756,HUF,True,47.496119,19.066945,,1522611823.0
867,1673 8264 2876 1963,MAESTRO,1040,elektronikai,5382369038,84957,HUF,True,47.4983895,19.0913913,,1522611834.0
576,0273 7558 8203 3694,MAESTRO,1072,könyv,5382368747,3059,HUF,True,47.496119,19.066945,,1522611838.0
819,9579 3474 5266 5055,JCB,1050,üzemanyag,5382368990,18173,HUF,True,47.5135858,19.1208947,,1522611866.0
571,3870 6905 4371 0882,MAESTRO,1001,élelmiszer,5382368742,37447,HUF,True,47.4993318,19.0237523,,1522611937.0
523,2517 8944 6912 4050,MAESTRO,1021,ruházat,5382368694,17261,HUF,True,47.5024646,19.1347594,,1522612058.0
463,7165 9354 8659 8699,JCB,1031,egészség,5382368634,6816,HUF,True,47.4999491,19.0571779,,1522612132.0
399,3444 1222 2342 4138,JCB,1030,egészség,5382368570,29678,HUF,True,47.5065185,19.1019453,,1522612242.0
851,1026 8486 2707 4517,DINERS,1081,utazás,5382369022,168987,HUF,True,47.492694,19.053128,,1522612369.0
10,8880 5795 7614 8511,JCB,1050,üzemanyag,5382368181,5869,HUF,True,47.5135858,19.1208947,,1522612415.0
759,2678 5940 1612 6704,MASTERCARD,1002,élelmiszer,5382368930,17586,HUF,True,47.50098,19.0593837,,1522612502.0
686,5611 9408 2337 0993,MASTERCARD,1001,élelmiszer,5382368857,24731,HUF,True,47.4993318,19.0237523,,1522612669.0
402,1489 8505 4892 1036,DINERS,1051,üzemanyag,5382368573,6458,HUF,True,47.50853,19.0997001,,1522612690.0
28,1777 9355 5006 9141,MAESTRO,1060,szórakozás,5382368199,2519,HUF,True,47.5031823,19.0621811,,1522612694.0
720,2000 6888 3149 4438,MASTERCARD,1022,ruházat,5382368891,13508,HUF,True,47.511583,19.035859,,1522612814.0
90,9997 6810 8593 2141,DINERS,1001,élelmiszer,5382368261,13325,HUF,True,47.4993318,19.0237523,,1522612845.0
816,9579 3474 5266 5055,JCB,1011,étterem,5382368987,6987,HUF,True,47.4861163,19.0647328,,1522612965.0
456,5342 2187 5764 8291,DINERS,1020,ruházat,5382368627,12126,HUF,True,7.5132144,19.0568654,,1522613037.0
506,6952 9183 2378 0719,DINERS,1031,egészség,5382368677,34214,HUF,True,47.4999491,19.0571779,,1522613045.0
317,1243 8292 5526 6430,MAESTRO,1042,elektronikai,5382368488,89277,HUF,True,47.517732,19.141521,,1522613050.0
172,7203 5552 9806 3092,MAESTRO,1022,ruházat,5382368343,16568,HUF,True,47.511583,19.035859,,1522613147.0
628,5079 7171 3415 7074,VISA,1031,egészség,5382368799,22920,HUF,True,47.4999491,19.0571779,,1522613219.0
150,2198 9038 1429 1257,MAESTRO,1071,könyv,5382368321,6099,HUF,True,47.5085084,19.0194369,,1522613267.0
245,5257 5692 5802 2898,MASTERCARD,1040,elektronikai,5382368416,29554,HUF,True,47.4983895,19.0913913,,1522613517.0
201,7752 6551 1286 7572,VISA,1002,élelmiszer,5382368372,7482,HUF,True,47.50098,19.0593837,,1522613580.0
673,1875 2317 9645 0533,AMEX,1082,utazás,5382368844,213765,HUF,True,47.49721,19.0488859,,1522613585.0
130,2256 0017 8757 6256,MAESTRO,1030,egészség,5382368301,10966,HUF,True,47.5065185,19.1019453,,1522613715.0
83,4983 7208 8996 5730,MAESTRO,1003,élelmiszer,5382368254,16679,HUF,True,47.4937711,19.0564734,,1522613755.0
220,7587 1493 2726 1857,JCB,1032,egészség,5382368391,15737,HUF,True,47.510766,19.0513418,,1522613853.0
228,7587 1493 2726 1857,JCB,1051,üzemanyag,5382368399,5443,HUF,True,47.50853,19.0997001,,1522613895.0
615,5356 4308 6635 6957,MAESTRO,1040,elektronikai,5382368786,42194,HUF,True,47.4983895,19.0913913,,1522614022.0
289,7308 9479 3928 4037,DINERS,1031,egészség,5382368460,14076,HUF,True,47.4999491,19.0571779,,1522614044.0
296,3299 2342 8812 9447,JCB,1050,üzemanyag,5382368467,19557,HUF,True,47.5135858,19.1208947,,1522614157.0
420,2824 4379 7782 1538,MAESTRO,1022,ruházat,5382368591,10668,HUF,True,47.511583,19.035859,,1522614193.0
537,1489 8505 4892 1036,DINERS,1081,utazás,5382368708,212347,HUF,True,47.492694,19.053128,,1522614329.0
309,7945 1860 7019 0960,VISA,1052,üzemanyag,5382368480,13796,HUF,True,47.558184,19.07439,,1522614361.0
64,8332 5303 7005 4057,DINERS,1042,elektronikai,5382368235,60858,HUF,True,47.517732,19.141521,,1522614367.0
264,7642 4096 8911 0788,JCB,1082,utazás,5382368435,345630,HUF,True,47.49721,19.0488859,,1522614466.0
493,5342 2187 5764 8291,DINERS,1080,utazás,5382368664,201747,HUF,True,47.499512,19.053063,,1522614589.0
555,8518 5246 1391 4191,JCB,1050,üzemanyag,5382368726,17492,HUF,True,47.5135858,19.1208947,,1522614802.0
646,9655 0943 3126 4419,MAESTRO,1082,utazás,5382368817,278358,HUF,True,47.49721,19.0488859,,1522614844.0
736,3264 2977 7695 0073,AMEX,1081,utazás,5382368907,251599,HUF,True,47.492694,19.053128,,1522614938.0
382,2087 4485 5469 0726,JCB,1041,elektronikai,5382368553,236354,HUF,True,47.4955751,19.0689243,,1522614996.0
357,2700 0689 7487 1833,AMEX,1011,étterem,5382368528,7664,HUF,True,47.4861163,19.0647328,,1522615129.0
148,8332 5303 7005 4057,DINERS,1021,ruházat,5382368319,16192,HUF,True,47.5024646,19.1347594,,1522615185.0
304,5304 5053 2002 0549,AMEX,1060,szórakozás,5382368475,6696,HUF,True,47.5031823,19.0621811,,1522615229.0
254,5257 5692 5802 2898,MASTERCARD,1050,üzemanyag,5382368425,17539,HUF,True,47.5135858,19.1208947,,1522615543.0
834,8270 8799 4662 8717,AMEX,1031,egészség,5382369005,1726,HUF,True,47.4999491,19.0571779,,1522615734.0
661,0688 8475 4614 2975,VISA,1081,utazás,5382368832,149260,HUF,True,47.492694,19.053128,,1522615908.0
498,9494 7591 0993 7957,MAESTRO,1040,elektronikai,5382368669,153902,HUF,True,47.4983895,19.0913913,,1522616018.0
859,2700 0689 7487 1833,AMEX,1082,utazás,5382369030,179944,HUF,True,47.49721,19.0488859,,1522616048.0
213,9305 9601 7768 8244,DINERS,1052,üzemanyag,5382368384,16895,HUF,True,47.558184,19.07439,,1522616256.0
186,8717 9798 1791 8695,AMEX,1012,étterem,5382368357,8259,HUF,True,47.5098377,19.0981019,,1522616418.0
820,9579 3474 5266 5055,JCB,1030,egészség,5382368991,14045,HUF,True,47.5065185,19.1019453,,1522616460.0
411,2000 6888 3149 4438,MASTERCARD,1041,elektronikai,5382368582,224206,HUF,True,47.4955751,19.0689243,,1522616611.0
39,3680 0104 7187 0286,AMEX,1081,utazás,5382368210,334246,HUF,True,47.492694,19.053128,,1522616657.0
218,9305 9601 7768 8244,DINERS,1002,élelmiszer,5382368389,32171,HUF,True,47.50098,19.0593837,,1522616686.0
514,2968 4233 7834 4348,MAESTRO,1020,ruházat,5382368685,12002,HUF,True,7.5132144,19.0568654,,1522616708.0
452,5030 6004 5192 8779,MAESTRO,1021,ruházat,5382368623,9686,HUF,True,47.5024646,19.1347594,,1522617104.0
84,4983 7208 8996 5730,MAESTRO,1070,könyv,5382368255,2478,HUF,True,47.5042391,19.0599304,,1522617385.0
262,0127 7581 9229 2892,MASTERCARD,1042,elektronikai,5382368433,243704,HUF,True,47.517732,19.141521,,1522617640.0
70,5492 0944 9191 4359,MASTERCARD,1071,könyv,5382368241,2750,HUF,True,47.5085084,19.0194369,,1522617813.0
251,5257 5692 5802 2898,MASTERCARD,1081,utazás,5382368422,128572,HUF,True,47.492694,19.053128,,1522618185.0
327,5342 2187 5764 8291,DINERS,1032,egészség,5382368498,36269,HUF,True,47.510766,19.0513418,,1522618290.0
237,1414 0385 4192 5599,DINERS,1021,ruházat,5382368408,23810,HUF,True,47.5024646,19.1347594,,1522618347.0
501,9494 7591 0993 7957,MAESTRO,1040,elektronikai,5382368672,188504,HUF,True,47.4983895,19.0913913,,1522618354.0
46,7028 0752 2439 4781,AMEX,1041,elektronikai,5382368217,193280,HUF,True,47.4955751,19.0689243,,1522618541.0
378,8846 3464 1887 1747,JCB,1081,utazás,5382368549,75202,HUF,True,47.492694,19.053128,,1522618714.0
418,3838 2073 5821 2331,JCB,1010,étterem,5382368589,5265,HUF,True,47.5050979,19.0504007,,1522618821.0
339,0109 6594 4711 0506,DINERS,1012,étterem,5382368510,4757,HUF,True,47.5098377,19.0981019,,1522619044.0
683,5611 9408 2337 0993,MASTERCARD,1022,ruházat,5382368854,7280,HUF,True,47.511583,19.035859,,1522619286.0
641,4525 2485 5791 3825,MASTERCARD,1072,könyv,5382368812,4775,HUF,True,47.496119,19.066945,,1522619290.0
353,4525 2485 5791 3825,MASTERCARD,1042,elektronikai,5382368524,207626,HUF,True,47.517732,19.141521,,1522619382.0
235,9653 6914 7222 4243,AMEX,1060,szórakozás,5382368406,7005,HUF,True,47.5031823,19.0621811,,1522619432.0
81,1073 3471 6130 3072,VISA,1062,szórakozás,5382368252,7620,HUF,True,47.4771073,19.0602603,,1522619523.0
364,2700 0689 7487 1833,AMEX,1011,étterem,5382368535,5147,HUF,True,47.4861163,19.0647328,,1522619528.0
146,8332 5303 7005 4057,DINERS,1051,üzemanyag,5382368317,18620,HUF,True,47.50853,19.0997001,,1522619599.0
804,5973 6759 4486 8533,AMEX,1061,szórakozás,5382368975,2966,HUF,True,47.4936625,19.0526852,,1522619646.0
270,1109 7706 3166 0629,MAESTRO,1030,egészség,5382368441,4282,HUF,True,47.5065185,19.1019453,,1522619666.0
801,5973 6759 4486 8533,AMEX,1081,utazás,5382368972,202906,HUF,True,47.492694,19.053128,,1522619679.0
685,5611 9408 2337 0993,MASTERCARD,1082,utazás,5382368856,237105,HUF,True,47.49721,19.0488859,,1522619788.0
532,1489 8505 4892 1036,DINERS,1071,könyv,5382368703,5725,HUF,True,47.5085084,19.0194369,,1522619984.0
271,1109 7706 3166 0629,MAESTRO,1042,elektronikai,5382368442,39985,HUF,True,47.517732,19.141521,,1522619989.0
796,5973 6759 4486 8533,AMEX,1062,szórakozás,5382368967,6844,HUF,True,47.4771073,19.0602603,,1522620354.0
528,2517 8944 6912 4050,MAESTRO,1050,üzemanyag,5382368699,12705,HUF,True,47.5135858,19.1208947,,1522620368.0
318,1243 8292 5526 6430,MAESTRO,1011,étterem,5382368489,5376,HUF,True,47.4861163,19.0647328,,1522620697.0
337,0109 6594 4711 0506,DINERS,1031,egészség,5382368508,7799,HUF,True,47.4999491,19.0571779,,1522620815.0
392,6520 7473 5626 3073,DINERS,1012,étterem,5382368563,2296,HUF,True,47.5098377,19.0981019,,1522621106.0
742,3082 8495 9579 7550,JCB,1072,könyv,5382368913,4700,HUF,True,47.496119,19.066945,,1522621267.0
667,0688 8475 4614 2975,VISA,1051,üzemanyag,5382368838,14825,HUF,True,47.50853,19.0997001,,1522621292.0
395,6520 7473 5626 3073,DINERS,1082,utazás,5382368566,142445,HUF,True,47.49721,19.0488859,,1522621302.0
731,1309 4030 1655 7049,MASTERCARD,1002,élelmiszer,5382368902,33158,HUF,True,47.50098,19.0593837,,1522621504.0
106,0777 3445 6344 1477,JCB,1052,üzemanyag,5382368277,10232,HUF,True,47.558184,19.07439,,1522621569.0
409,2000 6888 3149 4438,MASTERCARD,1031,egészség,5382368580,19353,HUF,True,47.4999491,19.0571779,,1522621683.0
824,9579 3474 5266 5055,JCB,1011,étterem,5382368995,6621,HUF,True,47.4861163,19.0647328,,1522621705.0
873,1796 4792 1809 0459,AMEX,1001,élelmiszer,5382369044,31527,HUF,True,47.4993318,19.0237523,,1522621817.0
518,0775 9209 2707 8724,MASTERCARD,1040,elektronikai,5382368689,180271,HUF,True,47.4983895,19.0913913,,1522621871.0
546,4843 8859 7179 9639,MAESTRO,1001,élelmiszer,5382368717,27462,HUF,True,47.4993318,19.0237523,,1522622065.0
832,8270 8799 4662 8717,AMEX,1003,élelmiszer,5382369003,23750,HUF,True,47.4937711,19.0564734,,1522622195.0
707,9498 6667 6428 2903,MASTERCARD,1081,utazás,5382368878,270079,HUF,True,47.492694,19.053128,,1522622239.0
547,3924 4047 8344 2910,AMEX,1040,elektronikai,5382368718,71685,HUF,True,47.4983895,19.0913913,,1522622295.0
651,2312 3501 8170 8849,VISA,1032,egészség,5382368822,21236,HUF,True,47.510766,19.0513418,,1522622338.0
257,0127 7581 9229 2892,MASTERCARD,1011,étterem,5382368428,9703,HUF,True,47.4861163,19.0647328,,1522622341.0
414,7945 1860 7019 0960,VISA,1080,utazás,5382368585,253870,HUF,True,47.499512,19.053063,,1522622433.0
757,6989 1231 9425 4901,VISA,1021,ruházat,5382368928,24082,HUF,True,47.5024646,19.1347594,,1522622454.0
59,8332 5303 7005 4057,DINERS,1010,étterem,5382368230,5950,HUF,True,47.5050979,19.0504007,,1522622677.0
561,9794 4753 7739 3222,MAESTRO,1022,ruházat,5382368732,10309,HUF,True,47.511583,19.035859,,1522622707.0
177,3556 4312 2451 3047,AMEX,1080,utazás,5382368348,108737,HUF,True,47.499512,19.053063,,1522622810.0
664,0688 8475 4614 2975,VISA,1010,étterem,5382368835,8411,HUF,True,47.5050979,19.0504007,,1522623005.0
27,1777 9355 5006 9141,MAESTRO,1031,egészség,5382368198,36076,HUF,True,47.4999491,19.0571779,,1522623038.0
445,1434 2445 5812 2205,DINERS,1072,könyv,5382368616,3992,HUF,True,47.496119,19.066945,,1522623043.0
622,4142 9828 3629 9838,DINERS,1062,szórakozás,5382368793,4321,HUF,True,47.4771073,19.0602603,,1522623099.0
850,1126 6462 6383 9155,JCB,1002,élelmiszer,5382369021,9852,HUF,True,47.50098,19.0593837,,1522623276.0
841,0653 6782 8628 2100,MAESTRO,1061,szórakozás,5382369012,5602,HUF,True,47.4936625,19.0526852,,1522623470.0
486,3962 0881 6561 1623,VISA,1002,élelmiszer,5382368657,3703,HUF,True,47.50098,19.0593837,,1522623493.0
489,5342 2187 5764 8291,DINERS,1002,élelmiszer,5382368660,29878,HUF,True,47.50098,19.0593837,,1522623509.0
529,9747 9807 4197 5238,JCB,1032,egészség,5382368700,16633,HUF,True,47.510766,19.0513418,,1522623558.0
367,0848 0619 2206 9236,MASTERCARD,1082,utazás,5382368538,175324,HUF,True,47.49721,19.0488859,,1522623597.0
657,7905 3290 7414 0856,JCB,1022,ruházat,5382368828,15461,HUF,True,47.511583,19.035859,,1522623657.0
549,3555 6884 9851 3164,MASTERCARD,1020,ruházat,5382368720,25804,HUF,True,7.5132144,19.0568654,,1522623777.0
386,1977 3749 3050 3046,MAESTRO,1070,könyv,5382368557,3352,HUF,True,47.5042391,19.0599304,,1522623812.0
365,2700 0689 7487 1833,AMEX,1062,szórakozás,5382368536,2437,HUF,True,47.4771073,19.0602603,,1522623823.0
200,8230 8554 5718 9428,VISA,1082,utazás,5382368371,328177,HUF,True,47.49721,19.0488859,,1522623896.0
159,9494 7591 0993 7957,MAESTRO,1081,utazás,5382368330,127884,HUF,True,47.492694,19.053128,,1522623981.0
51,2882 7191 8185 7940,AMEX,1071,könyv,5382368222,6167,HUF,True,47.5085084,19.0194369,,1522624017.0
222,7587 1493 2726 1857,JCB,1041,elektronikai,5382368393,34198,HUF,True,47.4955751,19.0689243,,1522624064.0
835,8270 8799 4662 8717,AMEX,1080,utazás,5382369006,196452,HUF,True,47.499512,19.053063,,1522624464.0
870,4462 5164 7894 2410,DINERS,1002,élelmiszer,5382369041,9929,HUF,True,47.50098,19.0593837,,1522624476.0
491,5342 2187 5764 8291,DINERS,1010,étterem,5382368662,2947,HUF,True,47.5050979,19.0504007,,1522624490.0
78,1073 3471 6130 3072,VISA,1010,étterem,5382368249,8957,HUF,True,47.5050979,19.0504007,,1522624596.0
660,0688 8475 4614 2975,VISA,1050,üzemanyag,5382368831,13160,HUF,True,47.5135858,19.1208947,,1522624774.0
842,0653 6782 8628 2100,MAESTRO,1021,ruházat,5382369013,10892,HUF,True,47.5024646,19.1347594,,1522624994.0
121,5079 7171 3415 7074,VISA,1011,étterem,5382368292,6284,HUF,True,47.4861163,19.0647328,,1522625103.0
2,2215 3804 4290 8873,MASTERCARD,1050,üzemanyag,5382368173,12646,HUF,True,47.5135858,19.1208947,,1522625143.0
406,1489 8505 4892 1036,DINERS,1010,étterem,5382368577,3642,HUF,True,47.5050979,19.0504007,,1522625177.0
86,4983 7208 8996 5730,MAESTRO,1003,élelmiszer,5382368257,36011,HUF,True,47.4937711,19.0564734,,1522625217.0
818,9579 3474 5266 5055,JCB,1061,szórakozás,5382368989,3298,HUF,True,47.4936625,19.0526852,,1522625373.0
71,5492 0944 9191 4359,MASTERCARD,1062,szórakozás,5382368242,7376,HUF,True,47.4771073,19.0602603,,1522625661.0
307,5304 5053 2002 0549,AMEX,1070,könyv,5382368478,4066,HUF,True,47.5042391,19.0599304,,1522625706.0
206,0748 0630 8298 6831,VISA,1050,üzemanyag,5382368377,9127,HUF,True,47.5135858,19.1208947,,1522625805.0
654,5762 3359 5076 9520,AMEX,1040,elektronikai,5382368825,224330,HUF,True,47.4983895,19.0913913,,1522625814.0
58,8332 5303 7005 4057,DINERS,1050,üzemanyag,5382368229,15092,HUF,True,47.5135858,19.1208947,,1522625822.0
735,3264 2977 7695 0073,AMEX,1012,étterem,5382368906,3617,HUF,True,47.5098377,19.0981019,,1522625847.0
590,3129 9231 5454 8555,MASTERCARD,1042,elektronikai,5382368761,45138,HUF,True,47.517732,19.141521,,1522625855.0
44,7028 0752 2439 4781,AMEX,1050,üzemanyag,5382368215,19963,HUF,True,47.5135858,19.1208947,,1522625961.0
541,1026 8486 2707 4517,DINERS,1032,egészség,5382368712,18407,HUF,True,47.510766,19.0513418,,1522626154.0
739,3264 2977 7695 0073,AMEX,1081,utazás,5382368910,269938,HUF,True,47.492694,19.053128,,1522626211.0
368,0848 0619 2206 9236,MASTERCARD,1060,szórakozás,5382368539,4447,HUF,True,47.5031823,19.0621811,,1522626323.0
422,2824 4379 7782 1538,MAESTRO,1080,utazás,5382368593,130311,HUF,True,47.499512,19.053063,,1522626398.0
29,1110 4387 7346 9884,MASTERCARD,1070,könyv,5382368200,3125,HUF,True,47.5042391,19.0599304,,1522626418.0
105,1319 8644 5682 8627,VISA,1040,elektronikai,5382368276,216383,HUF,True,47.4983895,19.0913913,,1522626622.0
18,1953 3107 8098 5087,AMEX,1052,üzemanyag,5382368189,11822,HUF,True,47.558184,19.07439,,1522626690.0
300,5304 5053 2002 0549,AMEX,1052,üzemanyag,5382368471,8871,HUF,True,47.558184,19.07439,,1522627093.0
278,0364 5038 0346 8553,MASTERCARD,1032,egészség,5382368449,5738,HUF,True,47.510766,19.0513418,,1522627145.0
68,5492 0944 9191 4359,MASTERCARD,1010,étterem,5382368239,2744,HUF,True,47.5050979,19.0504007,,1522627243.0
272,1109 7706 3166 0629,MAESTRO,1080,utazás,5382368443,306093,HUF,True,47.499512,19.053063,,1522627366.0
226,7587 1493 2726 1857,JCB,1061,szórakozás,5382368397,4909,HUF,True,47.4936625,19.0526852,,1522627405.0
423,2824 4379 7782 1538,MAESTRO,1051,üzemanyag,5382368594,16072,HUF,True,47.50853,19.0997001,,1522627450.0
773,7295 3884 3256 9726,JCB,1071,könyv,5382368944,3613,HUF,True,47.5085084,19.0194369,,1522627451.0
691,5762 3359 5076 9520,AMEX,1011,étterem,5382368862,4659,HUF,True,47.4861163,19.0647328,,1522627512.0
229,7587 1493 2726 1857,JCB,1050,üzemanyag,5382368400,7175,HUF,True,47.5135858,19.1208947,,1522627533.0
437,2993 4485 9864 1541,VISA,1040,elektronikai,5382368608,65095,HUF,True,47.4983895,19.0913913,,1522627554.0
273,6843 8992 4003 2741,JCB,1042,elektronikai,5382368444,193193,HUF,True,47.517732,19.141521,,1522627659.0
344,1414 0385 4192 5599,DINERS,1032,egészség,5382368515,37170,HUF,True,47.510766,19.0513418,,1522627710.0
726,4983 7208 8996 5730,MAESTRO,1002,élelmiszer,5382368897,28894,HUF,True,47.50098,19.0593837,,1522627959.0
703,9498 6667 6428 2903,MASTERCARD,1062,szórakozás,5382368874,3558,HUF,True,47.4771073,19.0602603,,1522627989.0
91,9997 6810 8593 2141,DINERS,1072,könyv,5382368262,3382,HUF,True,47.496119,19.066945,,1522628149.0
687,5611 9408 2337 0993,MASTERCARD,1002,élelmiszer,5382368858,26867,HUF,True,47.50098,19.0593837,,1522628155.0
569,5165 0489 7047 7031,JCB,1082,utazás,5382368740,138286,HUF,True,47.49721,19.0488859,,1522628423.0
210,9305 9601 7768 8244,DINERS,1080,utazás,5382368381,107288,HUF,True,47.499512,19.053063,,1522628423.0
721,2000 6888 3149 4438,MASTERCARD,1001,élelmiszer,5382368892,8915,HUF,True,47.4993318,19.0237523,,1522628543.0
527,2517 8944 6912 4050,MAESTRO,1082,utazás,5382368698,147518,HUF,True,47.49721,19.0488859,,1522628785.0
248,5257 5692 5802 2898,MASTERCARD,1002,élelmiszer,5382368419,2516,HUF,True,47.50098,19.0593837,,1522628819.0
625,0109 6594 4711 0506,DINERS,1032,egészség,5382368796,32241,HUF,True,47.510766,19.0513418,,1522628969.0
412,7945 1860 7019 0960,VISA,1010,étterem,5382368583,3508,HUF,True,47.5050979,19.0504007,,1522629028.0
440,1434 2445 5812 2205,DINERS,1042,elektronikai,5382368611,87312,HUF,True,47.517732,19.141521,,1522629120.0
208,9305 9601 7768 8244,DINERS,1040,elektronikai,5382368379,79558,HUF,True,47.4983895,19.0913913,,1522629121.0
360,2700 0689 7487 1833,AMEX,1060,szórakozás,5382368531,2278,HUF,True,47.5031823,19.0621811,,1522629198.0
480,3962 0881 6561 1623,VISA,1072,könyv,5382368651,4206,HUF,True,47.496119,19.066945,,1522629238.0
813,6532 5922 6468 7304,JCB,1080,utazás,5382368984,142203,HUF,True,47.499512,19.053063,,1522629460.0
620,4142 9828 3629 9838,DINERS,1072,könyv,5382368791,4868,HUF,True,47.496119,19.066945,,1522629573.0
388,1859 0437 7063 2396,JCB,1021,ruházat,5382368559,22172,HUF,True,47.5024646,19.1347594,,1522629640.0
451,5030 6004 5192 8779,MAESTRO,1041,elektronikai,5382368622,206599,HUF,True,47.4955751,19.0689243,,1522629848.0
435,5174 2201 1229 1620,VISA,1080,utazás,5382368606,307290,HUF,True,47.499512,19.053063,,1522629875.0
636,5079 7171 3415 7074,VISA,1061,szórakozás,5382368807,7374,HUF,True,47.4936625,19.0526852,,1522629973.0
366,0848 0619 2206 9236,MASTERCARD,1050,üzemanyag,5382368537,8485,HUF,True,47.5135858,19.1208947,,1522629973.0
374,8846 3464 1887 1747,JCB,1021,ruházat,5382368545,9408,HUF,True,47.5024646,19.1347594,,1522630150.0
247,5257 5692 5802 2898,MASTERCARD,1020,ruházat,5382368418,14760,HUF,True,7.5132144,19.0568654,,1522630159.0
99,1972 2441 6980 3167,DINERS,1020,ruházat,5382368270,9711,HUF,True,7.5132144,19.0568654,,1522630235.0
459,5342 2187 5764 8291,DINERS,1050,üzemanyag,5382368630,5149,HUF,True,47.5135858,19.1208947,,1522630264.0
887,3960 3682 4563 5848,MASTERCARD,1050,üzemanyag,5382369058,7506,HUF,True,47.5135858,19.1208947,,1522630322.0
566,0177 2447 8428 0167,VISA,1010,étterem,5382368737,4158,HUF,True,47.5050979,19.0504007,,1522630337.0
680,6802 8337 0740 4279,MAESTRO,1072,könyv,5382368851,2038,HUF,True,47.496119,19.066945,,1522630346.0
494,5342 2187 5764 8291,DINERS,1080,utazás,5382368665,169582,HUF,True,47.499512,19.053063,,1522630374.0
333,4062 7308 2737 6939,DINERS,1002,élelmiszer,5382368504,27853,HUF,True,47.50098,19.0593837,,1522630421.0
692,3032 6022 0843 3695,JCB,1041,elektronikai,5382368863,127650,HUF,True,47.4955751,19.0689243,,1522630442.0
72,5492 0944 9191 4359,MASTERCARD,1072,könyv,5382368243,5116,HUF,True,47.496119,19.066945,,1522630499.0
794,8715 1224 5535 5432,JCB,1002,élelmiszer,5382368965,5672,HUF,True,47.50098,19.0593837,,1522630509.0
458,5342 2187 5764 8291,DINERS,1082,utazás,5382368629,104814,HUF,True,47.49721,19.0488859,,1522630521.0
369,0848 0619 2206 9236,MASTERCARD,1021,ruházat,5382368540,18327,HUF,True,47.5024646,19.1347594,,1522630596.0
238,1414 0385 4192 5599,DINERS,1032,egészség,5382368409,18446,HUF,True,47.510766,19.0513418,,1522630650.0
198,8230 8554 5718 9428,VISA,1041,elektronikai,5382368369,200985,HUF,True,47.4955751,19.0689243,,1522630853.0
583,2098 9490 7255 8249,AMEX,1003,élelmiszer,5382368754,5861,HUF,True,47.4937711,19.0564734,,1522631017.0
883,5091 8066 2222 5780,JCB,1081,utazás,5382369054,316059,HUF,True,47.492694,19.053128,,1522631092.0
777,7295 3884 3256 9726,JCB,1060,szórakozás,5382368948,7328,HUF,True,47.5031823,19.0621811,,1522631322.0
268,7642 4096 8911 0788,JCB,1070,könyv,5382368439,4896,HUF,True,47.5042391,19.0599304,,1522631431.0
470,7165 9354 8659 8699,JCB,1052,üzemanyag,5382368641,9076,HUF,True,47.558184,19.07439,,1522631471.0
199,8230 8554 5718 9428,VISA,1080,utazás,5382368370,91764,HUF,True,47.499512,19.053063,,1522631580.0
540,1026 8486 2707 4517,DINERS,1031,egészség,5382368711,39190,HUF,True,47.4999491,19.0571779,,1522631728.0
109,0777 3445 6344 1477,JCB,1061,szórakozás,5382368280,7952,HUF,True,47.4936625,19.0526852,,1522631823.0
446,1434 2445 5812 2205,DINERS,1030,egészség,5382368617,35539,HUF,True,47.5065185,19.1019453,,1522631829.0
203,3680 0104 7187 0286,AMEX,1001,élelmiszer,5382368374,15851,HUF,True,47.4993318,19.0237523,,1522631841.0
323,2882 7191 8185 7940,AMEX,1081,utazás,5382368494,209386,HUF,True,47.492694,19.053128,,1522631959.0
191,8230 8554 5718 9428,VISA,1070,könyv,5382368362,2609,HUF,True,47.5042391,19.0599304,,1522632002.0
260,0127 7581 9229 2892,MASTERCARD,1080,utazás,5382368431,294309,HUF,True,47.499512,19.053063,,1522632318.0
192,8230 8554 5718 9428,VISA,1082,utazás,5382368363,196348,HUF,True,47.49721,19.0488859,,1522632339.0
496,5342 2187 5764 8291,DINERS,1010,étterem,5382368667,6910,HUF,True,47.5050979,19.0504007,,1522632488.0
320,1243 8292 5526 6430,MAESTRO,1060,szórakozás,5382368491,7086,HUF,True,47.5031823,19.0621811,,1522632587.0
277,0364 5038 0346 8553,MASTERCARD,1041,elektronikai,5382368448,214099,HUF,True,47.4955751,19.0689243,,1522632648.0
744,3082 8495 9579 7550,JCB,1071,könyv,5382368915,6047,HUF,True,47.5085084,19.0194369,,1522632723.0
438,2993 4485 9864 1541,VISA,1062,szórakozás,5382368609,5455,HUF,True,47.4771073,19.0602603,,1522632813.0
179,6340 3770 0380 2031,MAESTRO,1070,könyv,5382368350,4406,HUF,True,47.5042391,19.0599304,,1522633205.0
526,2517 8944 6912 4050,MAESTRO,1062,szórakozás,5382368697,4550,HUF,True,47.4771073,19.0602603,,1522633490.0
12,8880 5795 7614 8511,JCB,1011,étterem,5382368183,7794,HUF,True,47.4861163,19.0647328,,1522633720.0
797,5973 6759 4486 8533,AMEX,1003,élelmiszer,5382368968,19560,HUF,True,47.4937711,19.0564734,,1522633878.0
400,3444 1222 2342 4138,JCB,1001,élelmiszer,5382368571,33036,HUF,True,47.4993318,19.0237523,,1522634004.0
473,4374 8718 7741 0171,MAESTRO,1001,élelmiszer,5382368644,6246,HUF,True,47.4993318,19.0237523,,1522634013.0
249,5257 5692 5802 2898,MASTERCARD,1080,utazás,5382368420,173827,HUF,True,47.499512,19.053063,,1522634026.0
823,9579 3474 5266 5055,JCB,1031,egészség,5382368994,22363,HUF,True,47.4999491,19.0571779,,1522634037.0
37,6320 8765 6230 0132,DINERS,1021,ruházat,5382368208,19859,HUF,True,47.5024646,19.1347594,,1522634118.0
658,0688 8475 4614 2975,VISA,1020,ruházat,5382368829,20366,HUF,True,7.5132144,19.0568654,,1522634349.0
845,0653 6782 8628 2100,MAESTRO,1050,üzemanyag,5382369016,7829,HUF,True,47.5135858,19.1208947,,1522634528.0
510,0837 4164 0851 4159,VISA,1071,könyv,5382368681,5490,HUF,True,47.5085084,19.0194369,,1522634650.0
101,1073 3471 6130 3072,VISA,1060,szórakozás,5382368272,2349,HUF,True,47.5031823,19.0621811,,1522634669.0
756,2142 1016 3870 6371,MASTERCARD,1051,üzemanyag,5382368927,11132,HUF,True,47.50853,19.0997001,,1522634673.0
880,1378 0488 4510 9118,MASTERCARD,1032,egészség,5382369051,25395,HUF,True,47.510766,19.0513418,,1522634684.0
572,3870 6905 4371 0882,MAESTRO,1050,üzemanyag,5382368743,15706,HUF,True,47.5135858,19.1208947,,1522634767.0
815,6532 5922 6468 7304,JCB,1070,könyv,5382368986,5152,HUF,True,47.5042391,19.0599304,,1522634847.0
649,2312 3501 8170 8849,VISA,1081,utazás,5382368820,109278,HUF,True,47.492694,19.053128,,1522634855.0
97,9997 6810 8593 2141,DINERS,1032,egészség,5382368268,31554,HUF,True,47.510766,19.0513418,,1522634876.0
584,5762 3359 5076 9520,AMEX,1040,elektronikai,5382368755,66108,HUF,True,47.4983895,19.0913913,,1522635122.0
421,2824 4379 7782 1538,MAESTRO,1012,étterem,5382368592,3386,HUF,True,47.5098377,19.0981019,,1522635226.0
104,1319 8644 5682 8627,VISA,1051,üzemanyag,5382368275,19713,HUF,True,47.50853,19.0997001,,1522635487.0
286,7308 9479 3928 4037,DINERS,1012,étterem,5382368457,4851,HUF,True,47.5098377,19.0981019,,1522635536.0
56,8332 5303 7005 4057,DINERS,1082,utazás,5382368227,164004,HUF,True,47.49721,19.0488859,,1522635573.0
754,2142 1016 3870 6371,MASTERCARD,1060,szórakozás,5382368925,6725,HUF,True,47.5031823,19.0621811,,1522635588.0
310,3540 8427 8867 0809,DINERS,1071,könyv,5382368481,4092,HUF,True,47.5085084,19.0194369,,1522635602.0
847,5762 3359 5076 9520,AMEX,1070,könyv,5382369018,2228,HUF,True,47.5042391,19.0599304,,1522635673.0
690,5762 3359 5076 9520,AMEX,1002,élelmiszer,5382368861,17415,HUF,True,47.50098,19.0593837,,1522635686.0
681,6802 8337 0740 4279,MAESTRO,1072,könyv,5382368852,5340,HUF,True,47.496119,19.066945,,1522635780.0
175,3556 4312 2451 3047,AMEX,1072,könyv,5382368346,5181,HUF,True,47.496119,19.066945,,1522635814.0
319,1243 8292 5526 6430,MAESTRO,1032,egészség,5382368490,31543,HUF,True,47.510766,19.0513418,,1522635977.0
129,2256 0017 8757 6256,MAESTRO,1072,könyv,5382368300,2693,HUF,True,47.496119,19.066945,,1522636023.0
114,3246 9866 6294 6100,AMEX,1032,egészség,5382368285,25127,HUF,True,47.510766,19.0513418,,1522636109.0
88,6522 6315 4569 7791,JCB,1010,étterem,5382368259,5791,HUF,True,47.5050979,19.0504007,,1522636197.0
853,6062 0315 6443 8753,JCB,1022,ruházat,5382369024,25137,HUF,True,47.511583,19.035859,,1522636426.0
577,0273 7558 8203 3694,MAESTRO,1062,szórakozás,5382368748,1377,HUF,True,47.4771073,19.0602603,,1522636472.0
635,5079 7171 3415 7074,VISA,1051,üzemanyag,5382368806,9006,HUF,True,47.50853,19.0997001,,1522636473.0
665,0688 8475 4614 2975,VISA,1020,ruházat,5382368836,12878,HUF,True,7.5132144,19.0568654,,1522636479.0
23,1777 9355 5006 9141,MAESTRO,1072,könyv,5382368194,4782,HUF,True,47.496119,19.066945,,1522636621.0
38,3680 0104 7187 0286,AMEX,1070,könyv,5382368209,2774,HUF,True,47.5042391,19.0599304,,1522636803.0
295,3299 2342 8812 9447,JCB,1042,elektronikai,5382368466,81932,HUF,True,47.517732,19.141521,,1522636871.0
678,6802 8337 0740 4279,MAESTRO,1003,élelmiszer,5382368849,21471,HUF,True,47.4937711,19.0564734,,1522637046.0
633,5079 7171 3415 7074,VISA,1020,ruházat,5382368804,6038,HUF,True,7.5132144,19.0568654,,1522637267.0
508,0837 4164 0851 4159,VISA,1062,szórakozás,5382368679,4936,HUF,True,47.4771073,19.0602603,,1522637340.0
482,3962 0881 6561 1623,VISA,1003,élelmiszer,5382368653,29879,HUF,True,47.4937711,19.0564734,,1522637380.0
694,6183 4516 0522 5589,MASTERCARD,1040,elektronikai,5382368865,14097,HUF,True,47.4983895,19.0913913,,1522637441.0
124,5079 7171 3415 7074,VISA,1062,szórakozás,5382368295,3375,HUF,True,47.4771073,19.0602603,,1522637511.0
119,9655 0943 3126 4419,MAESTRO,1042,elektronikai,5382368290,161561,HUF,True,47.517732,19.141521,,1522637549.0
653,7711 2993 8590 5895,JCB,1081,utazás,5382368824,166324,HUF,True,47.492694,19.053128,,1522637673.0
725,4983 7208 8996 5730,MAESTRO,1062,szórakozás,5382368896,1896,HUF,True,47.4771073,19.0602603,,1522637702.0
453,5030 6004 5192 8779,MAESTRO,1070,könyv,5382368624,6627,HUF,True,47.5042391,19.0599304,,1522637723.0
478,8830 9478 7067 6075,DINERS,1040,elektronikai,5382368649,31798,HUF,True,47.4983895,19.0913913,,1522637861.0
442,1434 2445 5812 2205,DINERS,1001,élelmiszer,5382368613,22443,HUF,True,47.4993318,19.0237523,,1522637954.0
42,3680 0104 7187 0286,AMEX,1062,szórakozás,5382368213,3208,HUF,True,47.4771073,19.0602603,,1522637966.0
24,1777 9355 5006 9141,MAESTRO,1050,üzemanyag,5382368195,5565,HUF,True,47.5135858,19.1208947,,1522638041.0
826,9579 3474 5266 5055,JCB,1010,étterem,5382368997,6314,HUF,True,47.5050979,19.0504007,,1522638079.0
548,3555 6884 9851 3164,MASTERCARD,1071,könyv,5382368719,6633,HUF,True,47.5085084,19.0194369,,1522638093.0
568,0177 2447 8428 0167,VISA,1061,szórakozás,5382368739,1365,HUF,True,47.4936625,19.0526852,,1522638130.0
282,0364 5038 0346 8553,MASTERCARD,1081,utazás,5382368453,72274,HUF,True,47.492694,19.053128,,1522638149.0
265,7642 4096 8911 0788,JCB,1010,étterem,5382368436,2010,HUF,True,47.5050979,19.0504007,,1522638158.0
650,2312 3501 8170 8849,VISA,1042,elektronikai,5382368821,217583,HUF,True,47.517732,19.141521,,1522638245.0
619,4142 9828 3629 9838,DINERS,1061,szórakozás,5382368790,3923,HUF,True,47.4936625,19.0526852,,1522638267.0
790,3014 9197 3669 7151,AMEX,1050,üzemanyag,5382368961,5964,HUF,True,47.5135858,19.1208947,,1522638351.0
758,6989 1231 9425 4901,VISA,1032,egészség,5382368929,23516,HUF,True,47.510766,19.0513418,,1522638383.0
80,1073 3471 6130 3072,VISA,1020,ruházat,5382368251,10293,HUF,True,7.5132144,19.0568654,,1522638543.0
728,1309 4030 1655 7049,MASTERCARD,1010,étterem,5382368899,5133,HUF,True,47.5050979,19.0504007,,1522638606.0
570,9653 6914 7222 4243,AMEX,1060,szórakozás,5382368741,6145,HUF,True,47.5031823,19.0621811,,1522638616.0
35,1110 4387 7346 9884,MASTERCARD,1002,élelmiszer,5382368206,14325,HUF,True,47.50098,19.0593837,,1522638680.0
126,2256 0017 8757 6256,MAESTRO,1061,szórakozás,5382368297,7721,HUF,True,47.4936625,19.0526852,,1522638998.0
326,9403 9858 5899 8436,MAESTRO,1012,étterem,5382368497,7048,HUF,True,47.5098377,19.0981019,,1522639116.0
401,9566 2013 8935 9036,JCB,1021,ruházat,5382368572,21580,HUF,True,47.5024646,19.1347594,,1522639180.0
748,4095 9626 9863 7213,JCB,1080,utazás,5382368919,222784,HUF,True,47.499512,19.053063,,1522639259.0
284,0364 5038 0346 8553,MASTERCARD,1080,utazás,5382368455,215035,HUF,True,47.499512,19.053063,,1522639283.0
359,2700 0689 7487 1833,AMEX,1040,elektronikai,5382368530,28611,HUF,True,47.4983895,19.0913913,,1522639313.0
41,3680 0104 7187 0286,AMEX,1042,elektronikai,5382368212,221824,HUF,True,47.517732,19.141521,,1522639321.0
642,4525 2485 5791 3825,MASTERCARD,1020,ruházat,5382368813,5819,HUF,True,7.5132144,19.0568654,,1522639559.0
65,8332 5303 7005 4057,DINERS,1071,könyv,5382368236,2613,HUF,True,47.5085084,19.0194369,,1522639592.0
544,4843 8859 7179 9639,MAESTRO,1022,ruházat,5382368715,5908,HUF,True,47.511583,19.035859,,1522639693.0
563,0177 2447 8428 0167,VISA,1072,könyv,5382368734,3636,HUF,True,47.496119,19.066945,,1522639730.0
52,2882 7191 8185 7940,AMEX,1082,utazás,5382368223,338297,HUF,True,47.49721,19.0488859,,1522639888.0
604,5304 5053 2002 0549,AMEX,1041,elektronikai,5382368775,194935,HUF,True,47.4955751,19.0689243,,1522639911.0
0,2215 3804 4290 8873,MASTERCARD,1051,üzemanyag,5382368171,8783,HUF,True,47.50853,19.0997001,,1522640039.0
545,4843 8859 7179 9639,MAESTRO,1062,szórakozás,5382368716,6371,HUF,True,47.4771073,19.0602603,,1522640039.0
875,1002 4802 9127 8532,AMEX,1020,ruházat,5382369046,20280,HUF,True,7.5132144,19.0568654,,1522640040.0
606,5304 5053 2002 0549,AMEX,1012,étterem,5382368777,8560,HUF,True,47.5098377,19.0981019,,1522640063.0
809,6532 5922 6468 7304,JCB,1002,élelmiszer,5382368980,15113,HUF,True,47.50098,19.0593837,,1522640148.0
800,5973 6759 4486 8533,AMEX,1042,elektronikai,5382368971,183602,HUF,True,47.517732,19.141521,,1522640285.0
849,1126 6462 6383 9155,JCB,1050,üzemanyag,5382369020,5807,HUF,True,47.5135858,19.1208947,,1522640317.0
140,8717 9798 1791 8695,AMEX,1080,utazás,5382368311,274340,HUF,True,47.499512,19.053063,,1522640428.0
603,5304 5053 2002 0549,AMEX,1032,egészség,5382368774,19116,HUF,True,47.510766,19.0513418,,1522640501.0
429,4621 5895 4445 5850,JCB,1011,étterem,5382368600,6450,HUF,True,47.4861163,19.0647328,,1522640567.0
314,1243 8292 5526 6430,MAESTRO,1060,szórakozás,5382368485,1309,HUF,True,47.5031823,19.0621811,,1522640608.0
142,8717 9798 1791 8695,AMEX,1071,könyv,5382368313,6438,HUF,True,47.5085084,19.0194369,,1522640676.0
358,2700 0689 7487 1833,AMEX,1041,elektronikai,5382368529,113888,HUF,True,47.4955751,19.0689243,,1522640765.0
204,0748 0630 8298 6831,VISA,1070,könyv,5382368375,3771,HUF,True,47.5042391,19.0599304,,1522640918.0
94,9997 6810 8593 2141,DINERS,1051,üzemanyag,5382368265,17213,HUF,True,47.50853,19.0997001,,1522640976.0
567,0177 2447 8428 0167,VISA,1012,étterem,5382368738,2352,HUF,True,47.5098377,19.0981019,,1522641051.0
351,1414 0385 4192 5599,DINERS,1041,elektronikai,5382368522,131122,HUF,True,47.4955751,19.0689243,,1522641093.0
50,5103 9274 5830 4763,MASTERCARD,1010,étterem,5382368221,5937,HUF,True,47.5050979,19.0504007,,1522641265.0
231,5227 0555 3050 4048,MAESTRO,1070,könyv,5382368402,5589,HUF,True,47.5042391,19.0599304,,1522641484.0
195,8230 8554 5718 9428,VISA,1011,étterem,5382368366,9352,HUF,True,47.4861163,19.0647328,,1522641607.0
669,0688 8475 4614 2975,VISA,1001,élelmiszer,5382368840,17437,HUF,True,47.4993318,19.0237523,,1522641698.0
764,2678 5940 1612 6704,MASTERCARD,1001,élelmiszer,5382368935,10593,HUF,True,47.4993318,19.0237523,,1522641723.0
872,5688 3281 2611 1216,MAESTRO,1060,szórakozás,5382369043,4104,HUF,True,47.5031823,19.0621811,,1522641731.0
207,0748 0630 8298 6831,VISA,1003,élelmiszer,5382368378,16749,HUF,True,47.4937711,19.0564734,,1522641736.0
224,7587 1493 2726 1857,JCB,1060,szórakozás,5382368395,1499,HUF,True,47.5031823,19.0621811,,1522641874.0
827,4675 2196 2542 7812,JCB,1030,egészség,5382368998,23571,HUF,True,47.5065185,19.1019453,,1522641875.0
112,0777 3445 6344 1477,JCB,1080,utazás,5382368283,197917,HUF,True,47.499512,19.053063,,1522641958.0
803,5973 6759 4486 8533,AMEX,1010,étterem,5382368974,6796,HUF,True,47.5050979,19.0504007,,1522642013.0
55,2882 7191 8185 7940,AMEX,1060,szórakozás,5382368226,5029,HUF,True,47.5031823,19.0621811,,1522642042.0
341,1414 0385 4192 5599,DINERS,1002,élelmiszer,5382368512,21792,HUF,True,47.50098,19.0593837,,1522642298.0
93,9997 6810 8593 2141,DINERS,1071,könyv,5382368264,6264,HUF,True,47.5085084,19.0194369,,1522642381.0
708,9498 6667 6428 2903,MASTERCARD,1030,egészség,5382368879,7843,HUF,True,47.5065185,19.1019453,,1522642390.0
17,1953 3107 8098 5087,AMEX,1021,ruházat,5382368188,5144,HUF,True,47.5024646,19.1347594,,1522642811.0
745,3082 8495 9579 7550,JCB,1070,könyv,5382368916,4325,HUF,True,47.5042391,19.0599304,,1522642827.0
330,5342 2187 5764 8291,DINERS,1071,könyv,5382368501,6163,HUF,True,47.5085084,19.0194369,,1522642832.0
325,2882 7191 8185 7940,AMEX,1042,elektronikai,5382368496,51756,HUF,True,47.517732,19.141521,,1522642844.0
335,4062 7308 2737 6939,DINERS,1020,ruházat,5382368506,26994,HUF,True,7.5132144,19.0568654,,1522642890.0
822,9579 3474 5266 5055,JCB,1072,könyv,5382368993,4786,HUF,True,47.496119,19.066945,,1522643001.0
629,5079 7171 3415 7074,VISA,1030,egészség,5382368800,14739,HUF,True,47.5065185,19.1019453,,1522643005.0
336,0109 6594 4711 0506,DINERS,1061,szórakozás,5382368507,2114,HUF,True,47.4936625,19.0526852,,1522643036.0
92,9997 6810 8593 2141,DINERS,1001,élelmiszer,5382368263,33457,HUF,True,47.4993318,19.0237523,,1522643037.0
747,4095 9626 9863 7213,JCB,1080,utazás,5382368918,83244,HUF,True,47.499512,19.053063,,1522643043.0
710,1414 0385 4192 5599,DINERS,1011,étterem,5382368881,6484,HUF,True,47.4861163,19.0647328,,1522643103.0
163,2235 7547 3240 7056,JCB,1072,könyv,5382368334,5448,HUF,True,47.496119,19.066945,,1522643174.0
727,5586 8728 8505 5951,MAESTRO,1020,ruházat,5382368898,23946,HUF,True,7.5132144,19.0568654,,1522643193.0
43,7028 0752 2439 4781,AMEX,1022,ruházat,5382368214,13734,HUF,True,47.511583,19.035859,,1522643507.0
663,0688 8475 4614 2975,VISA,1052,üzemanyag,5382368834,12978,HUF,True,47.558184,19.07439,,1522643676.0
240,1414 0385 4192 5599,DINERS,1080,utazás,5382368411,213254,HUF,True,47.499512,19.053063,,1522643748.0
465,7165 9354 8659 8699,JCB,1032,egészség,5382368636,1954,HUF,True,47.510766,19.0513418,,1522643865.0
866,1673 8264 2876 1963,MAESTRO,1081,utazás,5382369037,176857,HUF,True,47.492694,19.053128,,1522643985.0
174,7011 8335 2736 7928,VISA,1080,utazás,5382368345,137030,HUF,True,47.499512,19.053063,,1522644022.0
785,3014 9197 3669 7151,AMEX,1061,szórakozás,5382368956,4146,HUF,True,47.4936625,19.0526852,,1522644240.0
596,7945 1860 7019 0960,VISA,1021,ruházat,5382368767,26404,HUF,True,47.5024646,19.1347594,,1522644290.0
559,9794 4753 7739 3222,MAESTRO,1051,üzemanyag,5382368730,10928,HUF,True,47.50853,19.0997001,,1522644298.0
791,3014 9197 3669 7151,AMEX,1042,elektronikai,5382368962,179836,HUF,True,47.517732,19.141521,,1522644437.0
613,5304 5053 2002 0549,AMEX,1082,utazás,5382368784,169230,HUF,True,47.49721,19.0488859,,1522644888.0
762,2678 5940 1612 6704,MASTERCARD,1003,élelmiszer,5382368933,29882,HUF,True,47.4937711,19.0564734,,1522644891.0
267,7642 4096 8911 0788,JCB,1030,egészség,5382368438,32120,HUF,True,47.5065185,19.1019453,,1522644901.0
564,0177 2447 8428 0167,VISA,1062,szórakozás,5382368735,6756,HUF,True,47.4771073,19.0602603,,1522644922.0
517,0775 9209 2707 8724,MASTERCARD,1011,étterem,5382368688,2372,HUF,True,47.4861163,19.0647328,,1522644935.0
389,1859 0437 7063 2396,JCB,1051,üzemanyag,5382368560,14075,HUF,True,47.50853,19.0997001,,1522644950.0
110,0777 3445 6344 1477,JCB,1031,egészség,5382368281,21932,HUF,True,47.4999491,19.0571779,,1522645115.0
329,5342 2187 5764 8291,DINERS,1010,étterem,5382368500,2203,HUF,True,47.5050979,19.0504007,,1522645287.0
120,5079 7171 3415 7074,VISA,1070,könyv,5382368291,3927,HUF,True,47.5042391,19.0599304,,1522645327.0
427,4621 5895 4445 5850,JCB,1061,szórakozás,5382368598,4574,HUF,True,47.4936625,19.0526852,,1522645650.0
31,1110 4387 7346 9884,MASTERCARD,1082,utazás,5382368202,99412,HUF,True,47.49721,19.0488859,,1522645705.0
878,4356 8249 4919 2867,AMEX,1021,ruházat,5382369049,19517,HUF,True,47.5024646,19.1347594,,1522645712.0
581,2098 9490 7255 8249,AMEX,1020,ruházat,5382368752,24545,HUF,True,7.5132144,19.0568654,,1522645858.0
439,2993 4485 9864 1541,VISA,1072,könyv,5382368610,3468,HUF,True,47.496119,19.066945,,1522645948.0
7,2847 6365 8653 9141,MASTERCARD,1060,szórakozás,5382368178,2608,HUF,True,47.5031823,19.0621811,,1522645987.0
232,5227 0555 3050 4048,MAESTRO,1030,egészség,5382368403,34258,HUF,True,47.5065185,19.1019453,,1522646121.0
261,0127 7581 9229 2892,MASTERCARD,1062,szórakozás,5382368432,7662,HUF,True,47.4771073,19.0602603,,1522646406.0
279,0364 5038 0346 8553,MASTERCARD,1032,egészség,5382368450,29344,HUF,True,47.510766,19.0513418,,1522646427.0
125,5079 7171 3415 7074,VISA,1022,ruházat,5382368296,10514,HUF,True,47.511583,19.035859,,1522646547.0
838,0653 6782 8628 2100,MAESTRO,1052,üzemanyag,5382369009,11807,HUF,True,47.558184,19.07439,,1522646597.0
363,2700 0689 7487 1833,AMEX,1080,utazás,5382368534,104465,HUF,True,47.499512,19.053063,,1522646701.0
689,5762 3359 5076 9520,AMEX,1082,utazás,5382368860,170095,HUF,True,47.49721,19.0488859,,1522646727.0
134,1275 8893 8058 5493,MAESTRO,1080,utazás,5382368305,124143,HUF,True,47.499512,19.053063,,1522646824.0
349,1414 0385 4192 5599,DINERS,1072,könyv,5382368520,5995,HUF,True,47.496119,19.066945,,1522646885.0
839,0653 6782 8628 2100,MAESTRO,1051,üzemanyag,5382369010,11950,HUF,True,47.50853,19.0997001,,1522646931.0
467,7165 9354 8659 8699,JCB,1050,üzemanyag,5382368638,6140,HUF,True,47.5135858,19.1208947,,1522646935.0
236,1414 0385 4192 5599,DINERS,1001,élelmiszer,5382368407,6413,HUF,True,47.4993318,19.0237523,,1522646948.0
750,4095 9626 9863 7213,JCB,1080,utazás,5382368921,228901,HUF,True,47.499512,19.053063,,1522647067.0
792,8715 1224 5535 5432,JCB,1080,utazás,5382368963,263937,HUF,True,47.499512,19.053063,,1522647163.0
111,0777 3445 6344 1477,JCB,1011,étterem,5382368282,7885,HUF,True,47.4861163,19.0647328,,1522647431.0
624,4142 9828 3629 9838,DINERS,1011,étterem,5382368795,6342,HUF,True,47.4861163,19.0647328,,1522647516.0
788,3014 9197 3669 7151,AMEX,1081,utazás,5382368959,203348,HUF,True,47.492694,19.053128,,1522647609.0
830,2824 4379 7782 1538,MAESTRO,1031,egészség,5382369001,9121,HUF,True,47.4999491,19.0571779,,1522647671.0
699,6121 9036 8549 8870,AMEX,1002,élelmiszer,5382368870,22105,HUF,True,47.50098,19.0593837,,1522647752.0
115,5356 4308 6635 6957,MAESTRO,1072,könyv,5382368286,4642,HUF,True,47.496119,19.066945,,1522647829.0
299,5304 5053 2002 0549,AMEX,1021,ruházat,5382368470,16551,HUF,True,47.5024646,19.1347594,,1522647948.0
670,0688 8475 4614 2975,VISA,1061,szórakozás,5382368841,4316,HUF,True,47.4936625,19.0526852,,1522648093.0
760,2678 5940 1612 6704,MASTERCARD,1072,könyv,5382368931,6778,HUF,True,47.496119,19.066945,,1522648105.0
288,7308 9479 3928 4037,DINERS,1020,ruházat,5382368459,25917,HUF,True,7.5132144,19.0568654,,1522648173.0
384,2087 4485 5469 0726,JCB,1022,ruházat,5382368555,8595,HUF,True,47.511583,19.035859,,1522648215.0
141,8717 9798 1791 8695,AMEX,1051,üzemanyag,5382368312,12649,HUF,True,47.50853,19.0997001,,1522648280.0
579,2098 9490 7255 8249,AMEX,1082,utazás,5382368750,50745,HUF,True,47.49721,19.0488859,,1522648479.0
391,6520 7473 5626 3073,DINERS,1052,üzemanyag,5382368562,12558,HUF,True,47.558184,19.07439,,1522648539.0
505,9494 7591 0993 7957,MAESTRO,1002,élelmiszer,5382368676,22190,HUF,True,47.50098,19.0593837,,1522648785.0
565,0177 2447 8428 0167,VISA,1012,étterem,5382368736,4844,HUF,True,47.5098377,19.0981019,,1522648885.0
574,0273 7558 8203 3694,MAESTRO,1081,utazás,5382368745,188128,HUF,True,47.492694,19.053128,,1522648915.0
594,6399 8417 3949 9268,DINERS,1081,utazás,5382368765,344389,HUF,True,47.492694,19.053128,,1522649076.0
152,7585 1924 5712 0357,AMEX,1081,utazás,5382368323,213604,HUF,True,47.492694,19.053128,,1522649166.0
331,2988 8906 2545 2136,VISA,1060,szórakozás,5382368502,3488,HUF,True,47.5031823,19.0621811,,1522649222.0
575,0273 7558 8203 3694,MAESTRO,1012,étterem,5382368746,3906,HUF,True,47.5098377,19.0981019,,1522649424.0
79,1073 3471 6130 3072,VISA,1062,szórakozás,5382368250,6413,HUF,True,47.4771073,19.0602603,,1522649462.0
433,5174 2201 1229 1620,VISA,1041,elektronikai,5382368604,202433,HUF,True,47.4955751,19.0689243,,1522649508.0
765,2678 5940 1612 6704,MASTERCARD,1012,étterem,5382368936,3083,HUF,True,47.5098377,19.0981019,,1522649577.0
448,1434 2445 5812 2205,DINERS,1030,egészség,5382368619,36176,HUF,True,47.5065185,19.1019453,,1522649699.0
252,5257 5692 5802 2898,MASTERCARD,1072,könyv,5382368423,2879,HUF,True,47.496119,19.066945,,1522649776.0
578,0273 7558 8203 3694,MAESTRO,1002,élelmiszer,5382368749,25160,HUF,True,47.50098,19.0593837,,1522650021.0
520,0775 9209 2707 8724,MASTERCARD,1060,szórakozás,5382368691,2279,HUF,True,47.5031823,19.0621811,,1522650052.0
709,1414 0385 4192 5599,DINERS,1003,élelmiszer,5382368880,22864,HUF,True,47.4937711,19.0564734,,1522650074.0
408,2744 7585 6141 8267,MAESTRO,1002,élelmiszer,5382368579,12108,HUF,True,47.50098,19.0593837,,1522650221.0
524,2517 8944 6912 4050,MAESTRO,1071,könyv,5382368695,4370,HUF,True,47.5085084,19.0194369,,1522650321.0
766,2678 5940 1612 6704,MASTERCARD,1031,egészség,5382368937,25500,HUF,True,47.4999491,19.0571779,,1522650470.0
780,7295 3884 3256 9726,JCB,1060,szórakozás,5382368951,4497,HUF,True,47.5031823,19.0621811,,1522650527.0
34,1110 4387 7346 9884,MASTERCARD,1010,étterem,5382368205,3740,HUF,True,47.5050979,19.0504007,,1522650698.0
585,5762 3359 5076 9520,AMEX,1012,étterem,5382368756,4873,HUF,True,47.5098377,19.0981019,,1522650918.0
778,7295 3884 3256 9726,JCB,1041,elektronikai,5382368949,169954,HUF,True,47.4955751,19.0689243,,1522651303.0
784,3014 9197 3669 7151,AMEX,1030,egészség,5382368955,32749,HUF,True,47.5065185,19.1019453,,1522651335.0
122,5079 7171 3415 7074,VISA,1072,könyv,5382368293,4653,HUF,True,47.496119,19.066945,,1522651442.0
631,5079 7171 3415 7074,VISA,1003,élelmiszer,5382368802,9956,HUF,True,47.4937711,19.0564734,,1522651457.0
123,5079 7171 3415 7074,VISA,1061,szórakozás,5382368294,4186,HUF,True,47.4936625,19.0526852,,1522651548.0
127,2256 0017 8757 6256,MAESTRO,1052,üzemanyag,5382368298,17838,HUF,True,47.558184,19.07439,,1522651655.0
539,1026 8486 2707 4517,DINERS,1011,étterem,5382368710,3106,HUF,True,47.4861163,19.0647328,,1522651669.0
283,0364 5038 0346 8553,MASTERCARD,1003,élelmiszer,5382368454,17181,HUF,True,47.4937711,19.0564734,,1522651751.0
712,1414 0385 4192 5599,DINERS,1032,egészség,5382368883,9473,HUF,True,47.510766,19.0513418,,1522651831.0
550,3555 6884 9851 3164,MASTERCARD,1041,elektronikai,5382368721,68164,HUF,True,47.4955751,19.0689243,,1522652078.0
234,9653 6914 7222 4243,AMEX,1071,könyv,5382368405,3027,HUF,True,47.5085084,19.0194369,,1522652137.0
874,9259 4743 5480 8821,DINERS,1030,egészség,5382369045,23635,HUF,True,47.5065185,19.1019453,,1522652239.0
684,5611 9408 2337 0993,MASTERCARD,1050,üzemanyag,5382368855,15898,HUF,True,47.5135858,19.1208947,,1522652415.0
599,7945 1860 7019 0960,VISA,1020,ruházat,5382368770,11616,HUF,True,7.5132144,19.0568654,,1522652443.0
40,3680 0104 7187 0286,AMEX,1003,élelmiszer,5382368211,35822,HUF,True,47.4937711,19.0564734,,1522652502.0
77,1073 3471 6130 3072,VISA,1003,élelmiszer,5382368248,13164,HUF,True,47.4937711,19.0564734,,1522652583.0
212,9305 9601 7768 8244,DINERS,1050,üzemanyag,5382368383,11389,HUF,True,47.5135858,19.1208947,,1522652802.0
772,2573 4643 5741 4081,MASTERCARD,1003,élelmiszer,5382368943,6877,HUF,True,47.4937711,19.0564734,,1522652861.0
5,2215 3804 4290 8873,MASTERCARD,1070,könyv,5382368176,5467,HUF,True,47.5042391,19.0599304,,1522652968.0
144,8717 9798 1791 8695,AMEX,1072,könyv,5382368315,6311,HUF,True,47.496119,19.066945,,1522653202.0
157,8725 6076 9140 0927,JCB,1042,elektronikai,5382368328,159103,HUF,True,47.517732,19.141521,,1522653208.0
61,8332 5303 7005 4057,DINERS,1010,étterem,5382368232,5914,HUF,True,47.5050979,19.0504007,,1522653472.0
285,0364 5038 0346 8553,MASTERCARD,1022,ruházat,5382368456,24050,HUF,True,47.511583,19.035859,,1522653577.0
468,7165 9354 8659 8699,JCB,1040,elektronikai,5382368639,77510,HUF,True,47.4983895,19.0913913,,1522653597.0
346,1414 0385 4192 5599,DINERS,1020,ruházat,5382368517,22216,HUF,True,7.5132144,19.0568654,,1522653813.0
362,2700 0689 7487 1833,AMEX,1012,étterem,5382368533,4592,HUF,True,47.5098377,19.0981019,,1522654302.0
